timeStamp,elapsed,label,responseCode,responseMessage,dataType,success,failureMessage,bytes,sentBytes,URL,Latency,IdleTime,Connect
1.68952E+12,511,HTTP Request,200,,text,TRUE,,176,124,http://3.89.23.28:8080/test,511,0,262
1.68952E+12,514,HTTP Request,200,,text,TRUE,,176,124,http://3.89.23.28:8080/test,514,0,265
1.68952E+12,507,HTTP Request,200,,text,TRUE,,176,124,http://3.89.23.28:8080/test,507,0,258
1.68952E+12,519,HTTP Request,200,,text,TRUE,,176,124,http://3.89.23.28:8080/test,519,0,270
1.68952E+12,485,HTTP Request,200,,text,TRUE,,176,124,http://3.89.23.28:8080/test,485,0,236
1.68952E+12,500,HTTP Request,200,,text,TRUE,,176,124,http://3.89.23.28:8080/test,500,0,248
1.68952E+12,527,HTTP Request,200,,text,TRUE,,176,124,http://3.89.23.28:8080/test,519,0,270
1.68952E+12,527,HTTP Request,200,,text,TRUE,,176,124,http://3.89.23.28:8080/test,527,0,270
1.68952E+12,476,HTTP Request,200,,text,TRUE,,176,124,http://3.89.23.28:8080/test,476,0,236
1.68952E+12,491,HTTP Request,200,,text,TRUE,,176,124,http://3.89.23.28:8080/test,491,0,250
1.68952E+12,521,HTTP Request,200,,text,TRUE,,176,124,http://3.89.23.28:8080/test,521,0,230
1.68952E+12,511,HTTP Request,200,,text,TRUE,,176,124,http://3.89.23.28:8080/test,511,0,233
1.68952E+12,529,HTTP Request,200,,text,TRUE,,176,124,http://3.89.23.28:8080/test,529,0,237
1.68952E+12,504,HTTP Request,200,,text,TRUE,,176,124,http://3.89.23.28:8080/test,504,0,225
1.68952E+12,577,HTTP Request,200,,text,TRUE,,176,124,http://3.89.23.28:8080/test,577,0,257
1.68952E+12,487,HTTP Request,200,,text,TRUE,,176,124,http://3.89.23.28:8080/test,487,0,226
1.68952E+12,603,HTTP Request,200,,text,TRUE,,176,124,http://3.89.23.28:8080/test,603,0,267
1.68952E+12,499,HTTP Request,200,,text,TRUE,,176,124,http://3.89.23.28:8080/test,499,0,221
1.68952E+12,503,HTTP Request,200,,text,TRUE,,176,124,http://3.89.23.28:8080/test,503,0,229
1.68952E+12,529,HTTP Request,200,,text,TRUE,,176,124,http://3.89.23.28:8080/test,529,0,223
1.68952E+12,519,HTTP Request,200,,text,TRUE,,176,124,http://3.89.23.28:8080/test,519,0,221
1.68952E+12,551,HTTP Request,200,,text,TRUE,,176,124,http://3.89.23.28:8080/test,551,0,227
1.68952E+12,581,HTTP Request,200,,text,TRUE,,176,124,http://3.89.23.28:8080/test,581,0,255
1.68952E+12,553,HTTP Request,200,,text,TRUE,,176,124,http://3.89.23.28:8080/test,553,0,228
1.68952E+12,575,HTTP Request,200,,text,TRUE,,176,124,http://3.89.23.28:8080/test,575,0,249
1.68952E+12,565,HTTP Request,200,,text,TRUE,,176,124,http://3.89.23.28:8080/test,565,0,238
1.68952E+12,611,HTTP Request,200,,text,TRUE,,176,124,http://3.89.23.28:8080/test,611,0,266
1.68952E+12,543,HTTP Request,200,,text,TRUE,,176,124,http://3.89.23.28:8080/test,543,0,222
1.68952E+12,577,HTTP Request,200,,text,TRUE,,176,124,http://3.89.23.28:8080/test,577,0,247
1.68952E+12,570,HTTP Request,200,,text,TRUE,,176,124,http://3.89.23.28:8080/test,570,0,241
1.68952E+12,528,HTTP Request,200,,text,TRUE,,176,124,http://3.89.23.28:8080/test,527,0,226
1.68952E+12,563,HTTP Request,200,,text,TRUE,,176,124,http://3.89.23.28:8080/test,563,0,235
1.68952E+12,536,HTTP Request,200,,text,TRUE,,176,124,http://3.89.23.28:8080/test,536,0,234
1.68952E+12,488,HTTP Request,200,,text,TRUE,,176,124,http://3.89.23.28:8080/test,488,0,221
1.68952E+12,531,HTTP Request,200,,text,TRUE,,176,124,http://3.89.23.28:8080/test,531,0,226
1.68952E+12,585,HTTP Request,200,,text,TRUE,,176,124,http://3.89.23.28:8080/test,585,0,253
1.68952E+12,546,HTTP Request,200,,text,TRUE,,176,124,http://3.89.23.28:8080/test,546,0,221
1.68952E+12,576,HTTP Request,200,,text,TRUE,,176,124,http://3.89.23.28:8080/test,576,0,241
1.68952E+12,563,HTTP Request,200,,text,TRUE,,176,124,http://3.89.23.28:8080/test,563,0,227
1.68952E+12,589,HTTP Request,200,,text,TRUE,,176,124,http://3.89.23.28:8080/test,589,0,250
1.68952E+12,570,HTTP Request,200,,text,TRUE,,176,124,http://3.89.23.28:8080/test,570,0,232
1.68952E+12,581,HTTP Request,200,,text,TRUE,,176,124,http://3.89.23.28:8080/test,581,0,242
1.68952E+12,626,HTTP Request,200,,text,TRUE,,176,124,http://3.89.23.28:8080/test,626,0,270
1.68952E+12,587,HTTP Request,200,,text,TRUE,,176,124,http://3.89.23.28:8080/test,586,0,247
1.68952E+12,576,HTTP Request,200,,text,TRUE,,176,124,http://3.89.23.28:8080/test,575,0,236
1.68952E+12,616,HTTP Request,200,,text,TRUE,,176,124,http://3.89.23.28:8080/test,616,0,237
1.68952E+12,628,HTTP Request,200,,text,TRUE,,176,124,http://3.89.23.28:8080/test,628,0,228
1.68952E+12,573,HTTP Request,200,,text,TRUE,,176,124,http://3.89.23.28:8080/test,573,0,223
1.68952E+12,606,HTTP Request,200,,text,TRUE,,176,124,http://3.89.23.28:8080/test,606,0,228
1.68952E+12,621,HTTP Request,200,,text,TRUE,,176,124,http://3.89.23.28:8080/test,621,0,225
1.68952E+12,595,HTTP Request,200,,text,TRUE,,176,124,http://3.89.23.28:8080/test,595,0,218
1.68952E+12,591,HTTP Request,200,,text,TRUE,,176,124,http://3.89.23.28:8080/test,591,0,228
1.68952E+12,612,HTTP Request,200,,text,TRUE,,176,124,http://3.89.23.28:8080/test,612,0,226
1.68952E+12,607,HTTP Request,200,,text,TRUE,,176,124,http://3.89.23.28:8080/test,607,0,220
1.68952E+12,601,HTTP Request,200,,text,TRUE,,176,124,http://3.89.23.28:8080/test,601,0,226
1.68952E+12,671,HTTP Request,200,,text,TRUE,,176,124,http://3.89.23.28:8080/test,671,0,243
1.68952E+12,679,HTTP Request,200,,text,TRUE,,176,124,http://3.89.23.28:8080/test,679,0,251
1.68952E+12,675,HTTP Request,200,,text,TRUE,,176,124,http://3.89.23.28:8080/test,675,0,247
1.68952E+12,606,HTTP Request,200,,text,TRUE,,176,124,http://3.89.23.28:8080/test,606,0,222
1.68952E+12,618,HTTP Request,200,,text,TRUE,,176,124,http://3.89.23.28:8080/test,618,0,224
1.68952E+12,590,HTTP Request,200,,text,TRUE,,176,124,http://3.89.23.28:8080/test,590,0,218
1.68952E+12,616,HTTP Request,200,,text,TRUE,,176,124,http://3.89.23.28:8080/test,616,0,232
1.68952E+12,590,HTTP Request,200,,text,TRUE,,176,124,http://3.89.23.28:8080/test,590,0,219
1.68952E+12,605,HTTP Request,200,,text,TRUE,,176,124,http://3.89.23.28:8080/test,605,0,227
1.68952E+12,600,HTTP Request,200,,text,TRUE,,176,124,http://3.89.23.28:8080/test,600,0,227
1.68952E+12,611,HTTP Request,200,,text,TRUE,,176,124,http://3.89.23.28:8080/test,611,0,236
1.68952E+12,566,HTTP Request,200,,text,TRUE,,176,124,http://3.89.23.28:8080/test,566,0,230
1.68952E+12,588,HTTP Request,200,,text,TRUE,,176,124,http://3.89.23.28:8080/test,588,0,242
1.68952E+12,690,HTTP Request,200,,text,TRUE,,176,124,http://3.89.23.28:8080/test,586,0,257
1.68952E+12,580,HTTP Request,200,,text,TRUE,,176,124,http://3.89.23.28:8080/test,580,0,243
1.68952E+12,582,HTTP Request,200,,text,TRUE,,176,124,http://3.89.23.28:8080/test,582,0,244
1.68952E+12,573,HTTP Request,200,,text,TRUE,,176,124,http://3.89.23.28:8080/test,573,0,236
1.68952E+12,594,HTTP Request,200,,text,TRUE,,176,124,http://3.89.23.28:8080/test,594,0,223
1.68952E+12,590,HTTP Request,200,,text,TRUE,,176,124,http://3.89.23.28:8080/test,590,0,251
1.68952E+12,585,HTTP Request,200,,text,TRUE,,176,124,http://3.89.23.28:8080/test,585,0,246
1.68952E+12,588,HTTP Request,200,,text,TRUE,,176,124,http://3.89.23.28:8080/test,588,0,247
1.68952E+12,588,HTTP Request,200,,text,TRUE,,176,124,http://3.89.23.28:8080/test,588,0,237
1.68952E+12,590,HTTP Request,200,,text,TRUE,,176,124,http://3.89.23.28:8080/test,590,0,249
1.68952E+12,587,HTTP Request,200,,text,TRUE,,176,124,http://3.89.23.28:8080/test,587,0,244
1.68952E+12,580,HTTP Request,200,,text,TRUE,,176,124,http://3.89.23.28:8080/test,580,0,237
1.68952E+12,574,HTTP Request,200,,text,TRUE,,176,124,http://3.89.23.28:8080/test,567,0,230
1.68952E+12,595,HTTP Request,200,,text,TRUE,,176,124,http://3.89.23.28:8080/test,595,0,250
1.68952E+12,571,HTTP Request,200,,text,TRUE,,176,124,http://3.89.23.28:8080/test,571,0,227
1.68952E+12,591,HTTP Request,200,,text,TRUE,,176,124,http://3.89.23.28:8080/test,591,0,247
1.68952E+12,596,HTTP Request,200,,text,TRUE,,176,124,http://3.89.23.28:8080/test,596,0,241
1.68952E+12,609,HTTP Request,200,,text,TRUE,,176,124,http://3.89.23.28:8080/test,609,0,231
1.68952E+12,582,HTTP Request,200,,text,TRUE,,176,124,http://3.89.23.28:8080/test,582,0,238
1.68952E+12,600,HTTP Request,200,,text,TRUE,,176,124,http://3.89.23.28:8080/test,600,0,243
1.68952E+12,581,HTTP Request,200,,text,TRUE,,176,124,http://3.89.23.28:8080/test,581,0,234
1.68952E+12,607,HTTP Request,200,,text,TRUE,,176,124,http://3.89.23.28:8080/test,607,0,249
1.68952E+12,615,HTTP Request,200,,text,TRUE,,176,124,http://3.89.23.28:8080/test,615,0,234
1.68952E+12,583,HTTP Request,200,,text,TRUE,,176,124,http://3.89.23.28:8080/test,583,0,235
1.68952E+12,581,HTTP Request,200,,text,TRUE,,176,124,http://3.89.23.28:8080/test,581,0,232
1.68952E+12,599,HTTP Request,200,,text,TRUE,,176,124,http://3.89.23.28:8080/test,594,0,240
1.68952E+12,582,HTTP Request,200,,text,TRUE,,176,124,http://3.89.23.28:8080/test,582,0,233
1.68952E+12,587,HTTP Request,200,,text,TRUE,,176,124,http://3.89.23.28:8080/test,587,0,238
1.68952E+12,610,HTTP Request,200,,text,TRUE,,176,124,http://3.89.23.28:8080/test,610,0,247
1.68952E+12,601,HTTP Request,200,,text,TRUE,,176,124,http://3.89.23.28:8080/test,594,0,247
1.68952E+12,592,HTTP Request,200,,text,TRUE,,176,124,http://3.89.23.28:8080/test,592,0,238
1.68952E+12,549,HTTP Request,200,,text,TRUE,,176,124,http://3.89.23.28:8080/test,549,0,318
1.68952E+12,531,HTTP Request,200,,text,TRUE,,176,124,http://3.89.23.28:8080/test,531,0,297
1.68952E+12,532,HTTP Request,200,,text,TRUE,,176,124,http://3.89.23.28:8080/test,532,0,297
1.68952E+12,550,HTTP Request,200,,text,TRUE,,176,124,http://3.89.23.28:8080/test,550,0,315
1.68952E+12,573,HTTP Request,200,,text,TRUE,,176,124,http://3.89.23.28:8080/test,573,0,332
1.68952E+12,563,HTTP Request,200,,text,TRUE,,176,124,http://3.89.23.28:8080/test,563,0,321
1.68952E+12,585,HTTP Request,200,,text,TRUE,,176,124,http://3.89.23.28:8080/test,585,0,338
1.68952E+12,510,HTTP Request,200,,text,TRUE,,176,124,http://3.89.23.28:8080/test,510,0,268
1.68952E+12,574,HTTP Request,200,,text,TRUE,,176,124,http://3.89.23.28:8080/test,574,0,327
1.68952E+12,527,HTTP Request,200,,text,TRUE,,176,124,http://3.89.23.28:8080/test,526,0,282
1.68952E+12,618,HTTP Request,200,,text,TRUE,,176,124,http://3.89.23.28:8080/test,618,0,369
1.68952E+12,531,HTTP Request,200,,text,TRUE,,176,124,http://3.89.23.28:8080/test,531,0,285
1.68952E+12,616,HTTP Request,200,,text,TRUE,,176,124,http://3.89.23.28:8080/test,616,0,353
1.68952E+12,518,HTTP Request,200,,text,TRUE,,176,124,http://3.89.23.28:8080/test,518,0,261
1.68952E+12,633,HTTP Request,200,,text,TRUE,,176,124,http://3.89.23.28:8080/test,633,0,375
1.68952E+12,592,HTTP Request,200,,text,TRUE,,176,124,http://3.89.23.28:8080/test,592,0,329
1.68952E+12,582,HTTP Request,200,,text,TRUE,,176,124,http://3.89.23.28:8080/test,582,0,319
1.68952E+12,531,HTTP Request,200,,text,TRUE,,176,124,http://3.89.23.28:8080/test,531,0,271
1.68952E+12,536,HTTP Request,200,,text,TRUE,,176,124,http://3.89.23.28:8080/test,536,0,276
1.68952E+12,603,HTTP Request,200,,text,TRUE,,176,124,http://3.89.23.28:8080/test,603,0,339
1.68952E+12,574,HTTP Request,200,,text,TRUE,,176,124,http://3.89.23.28:8080/test,574,0,314
1.68952E+12,557,HTTP Request,200,,text,TRUE,,176,124,http://3.89.23.28:8080/test,556,0,295
1.68952E+12,622,HTTP Request,200,,text,TRUE,,176,124,http://3.89.23.28:8080/test,622,0,347
1.68952E+12,541,HTTP Request,200,,text,TRUE,,176,124,http://3.89.23.28:8080/test,541,0,272
1.68952E+12,592,HTTP Request,200,,text,TRUE,,176,124,http://3.89.23.28:8080/test,592,0,318
1.68952E+12,608,HTTP Request,200,,text,TRUE,,176,124,http://3.89.23.28:8080/test,608,0,334
1.68952E+12,616,HTTP Request,200,,text,TRUE,,176,124,http://3.89.23.28:8080/test,616,0,336
1.68952E+12,611,HTTP Request,200,,text,TRUE,,176,124,http://3.89.23.28:8080/test,611,0,331
1.68952E+12,646,HTTP Request,200,,text,TRUE,,176,124,http://3.89.23.28:8080/test,646,0,349
1.68952E+12,647,HTTP Request,200,,text,TRUE,,176,124,http://3.89.23.28:8080/test,647,0,350
1.68952E+12,595,HTTP Request,200,,text,TRUE,,176,124,http://3.89.23.28:8080/test,595,0,302
1.68952E+12,610,HTTP Request,200,,text,TRUE,,176,124,http://3.89.23.28:8080/test,610,0,317
1.68952E+12,612,HTTP Request,200,,text,TRUE,,176,124,http://3.89.23.28:8080/test,612,0,319
1.68952E+12,603,HTTP Request,200,,text,TRUE,,176,124,http://3.89.23.28:8080/test,603,0,310
1.68952E+12,570,HTTP Request,200,,text,TRUE,,176,124,http://3.89.23.28:8080/test,570,0,276
1.68952E+12,654,HTTP Request,200,,text,TRUE,,176,124,http://3.89.23.28:8080/test,654,0,356
1.68952E+12,647,HTTP Request,200,,text,TRUE,,176,124,http://3.89.23.28:8080/test,647,0,349
1.68952E+12,625,HTTP Request,200,,text,TRUE,,176,124,http://3.89.23.28:8080/test,625,0,326
1.68952E+12,603,HTTP Request,200,,text,TRUE,,176,124,http://3.89.23.28:8080/test,603,0,306
1.68952E+12,633,HTTP Request,200,,text,TRUE,,176,124,http://3.89.23.28:8080/test,633,0,332
1.68952E+12,577,HTTP Request,200,,text,TRUE,,176,124,http://3.89.23.28:8080/test,577,0,279
1.68952E+12,636,HTTP Request,200,,text,TRUE,,176,124,http://3.89.23.28:8080/test,632,0,328
1.68952E+12,642,HTTP Request,200,,text,TRUE,,176,124,http://3.89.23.28:8080/test,642,0,334
1.68952E+12,632,HTTP Request,200,,text,TRUE,,176,124,http://3.89.23.28:8080/test,622,0,325
1.68952E+12,623,HTTP Request,200,,text,TRUE,,176,124,http://3.89.23.28:8080/test,622,0,318
1.68952E+12,629,HTTP Request,200,,text,TRUE,,176,124,http://3.89.23.28:8080/test,621,0,321
1.68952E+12,558,HTTP Request,200,,text,TRUE,,176,124,http://3.89.23.28:8080/test,558,0,255
1.68952E+12,672,HTTP Request,200,,text,TRUE,,176,124,http://3.89.23.28:8080/test,672,0,359
1.68952E+12,611,HTTP Request,200,,text,TRUE,,176,124,http://3.89.23.28:8080/test,611,0,301
1.68952E+12,592,HTTP Request,200,,text,TRUE,,176,124,http://3.89.23.28:8080/test,592,0,281
1.68952E+12,579,HTTP Request,200,,text,TRUE,,176,124,http://3.89.23.28:8080/test,579,0,268
1.68952E+12,621,HTTP Request,200,,text,TRUE,,176,124,http://3.89.23.28:8080/test,621,0,303
1.68952E+12,568,HTTP Request,200,,text,TRUE,,176,124,http://3.89.23.28:8080/test,568,0,253
1.68952E+12,591,HTTP Request,200,,text,TRUE,,176,124,http://3.89.23.28:8080/test,591,0,272
1.68952E+12,587,HTTP Request,200,,text,TRUE,,176,124,http://3.89.23.28:8080/test,587,0,268
1.68952E+12,634,HTTP Request,200,,text,TRUE,,176,124,http://3.89.23.28:8080/test,634,0,309
1.68952E+12,663,HTTP Request,200,,text,TRUE,,176,124,http://3.89.23.28:8080/test,662,0,334
1.68952E+12,604,HTTP Request,200,,text,TRUE,,176,124,http://3.89.23.28:8080/test,582,0,276
1.68952E+12,608,HTTP Request,200,,text,TRUE,,176,124,http://3.89.23.28:8080/test,608,0,277
1.68952E+12,645,HTTP Request,200,,text,TRUE,,176,124,http://3.89.23.28:8080/test,645,0,282
1.68952E+12,650,HTTP Request,200,,text,TRUE,,176,124,http://3.89.23.28:8080/test,650,0,287
1.68952E+12,630,HTTP Request,200,,text,TRUE,,176,124,http://3.89.23.28:8080/test,630,0,268
1.68952E+12,680,HTTP Request,200,,text,TRUE,,176,124,http://3.89.23.28:8080/test,680,0,316
1.68952E+12,615,HTTP Request,200,,text,TRUE,,176,124,http://3.89.23.28:8080/test,615,0,253
1.68952E+12,670,HTTP Request,200,,text,TRUE,,176,124,http://3.89.23.28:8080/test,669,0,305
1.68952E+12,725,HTTP Request,200,,text,TRUE,,176,124,http://3.89.23.28:8080/test,723,0,356
1.68952E+12,652,HTTP Request,200,,text,TRUE,,176,124,http://3.89.23.28:8080/test,652,0,287
1.68952E+12,697,HTTP Request,200,,text,TRUE,,176,124,http://3.89.23.28:8080/test,697,0,328
1.68952E+12,669,HTTP Request,200,,text,TRUE,,176,124,http://3.89.23.28:8080/test,669,0,303
1.68952E+12,653,HTTP Request,200,,text,TRUE,,176,124,http://3.89.23.28:8080/test,653,0,287
1.68952E+12,647,HTTP Request,200,,text,TRUE,,176,124,http://3.89.23.28:8080/test,647,0,281
1.68952E+12,687,HTTP Request,200,,text,TRUE,,176,124,http://3.89.23.28:8080/test,687,0,323
1.68952E+12,575,HTTP Request,200,,text,TRUE,,176,124,http://3.89.23.28:8080/test,575,0,319
1.68952E+12,722,HTTP Request,200,,text,TRUE,,176,124,http://3.89.23.28:8080/test,721,0,275
1.68952E+12,617,HTTP Request,200,,text,TRUE,,176,124,http://3.89.23.28:8080/test,617,0,261
1.68952E+12,577,HTTP Request,200,,text,TRUE,,176,124,http://3.89.23.28:8080/test,577,0,223
1.68952E+12,727,HTTP Request,200,,text,TRUE,,176,124,http://3.89.23.28:8080/test,727,0,273
1.68952E+12,607,HTTP Request,200,,text,TRUE,,176,124,http://3.89.23.28:8080/test,607,0,240
1.68952E+12,703,HTTP Request,200,,text,TRUE,,176,124,http://3.89.23.28:8080/test,703,0,249
1.68952E+12,700,HTTP Request,200,,text,TRUE,,176,124,http://3.89.23.28:8080/test,700,0,246
1.68952E+12,735,HTTP Request,200,,text,TRUE,,176,124,http://3.89.23.28:8080/test,735,0,277
1.68952E+12,745,HTTP Request,200,,text,TRUE,,176,124,http://3.89.23.28:8080/test,745,0,287
1.68952E+12,719,HTTP Request,200,,text,TRUE,,176,124,http://3.89.23.28:8080/test,719,0,264
1.68952E+12,785,HTTP Request,200,,text,TRUE,,176,124,http://3.89.23.28:8080/test,785,0,324
1.68952E+12,591,HTTP Request,200,,text,TRUE,,176,124,http://3.89.23.28:8080/test,591,0,226
1.68952E+12,609,HTTP Request,200,,text,TRUE,,176,124,http://3.89.23.28:8080/test,609,0,239
1.68952E+12,625,HTTP Request,200,,text,TRUE,,176,124,http://3.89.23.28:8080/test,625,0,250
1.68952E+12,730,HTTP Request,200,,text,TRUE,,176,124,http://3.89.23.28:8080/test,730,0,266
1.68952E+12,623,HTTP Request,200,,text,TRUE,,176,124,http://3.89.23.28:8080/test,623,0,242
1.68952E+12,798,HTTP Request,200,,text,TRUE,,176,124,http://3.89.23.28:8080/test,798,0,322
1.68952E+12,679,HTTP Request,200,,text,TRUE,,176,124,http://3.89.23.28:8080/test,679,0,317
1.68952E+12,634,HTTP Request,200,,text,TRUE,,176,124,http://3.89.23.28:8080/test,634,0,254
1.68952E+12,782,HTTP Request,200,,text,TRUE,,176,124,http://3.89.23.28:8080/test,782,0,309
1.68952E+12,601,HTTP Request,200,,text,TRUE,,176,124,http://3.89.23.28:8080/test,601,0,228
1.68952E+12,626,HTTP Request,200,,text,TRUE,,176,124,http://3.89.23.28:8080/test,626,0,244
1.68952E+12,615,HTTP Request,200,,text,TRUE,,176,124,http://3.89.23.28:8080/test,615,0,231
1.68952E+12,611,HTTP Request,200,,text,TRUE,,176,124,http://3.89.23.28:8080/test,611,0,226
1.68952E+12,786,HTTP Request,200,,text,TRUE,,176,124,http://3.89.23.28:8080/test,786,0,304
1.68952E+12,636,HTTP Request,200,,text,TRUE,,176,124,http://3.89.23.28:8080/test,606,0,236
1.68952E+12,654,HTTP Request,200,,text,TRUE,,176,124,http://3.89.23.28:8080/test,654,0,249
1.68952E+12,641,HTTP Request,200,,text,TRUE,,176,124,http://3.89.23.28:8080/test,617,0,235
1.68952E+12,618,HTTP Request,200,,text,TRUE,,176,124,http://3.89.23.28:8080/test,618,0,224
1.68952E+12,633,HTTP Request,200,,text,TRUE,,176,124,http://3.89.23.28:8080/test,633,0,230
1.68952E+12,642,HTTP Request,200,,text,TRUE,,176,124,http://3.89.23.28:8080/test,642,0,236
1.68952E+12,647,HTTP Request,200,,text,TRUE,,176,124,http://3.89.23.28:8080/test,647,0,241
1.68952E+12,645,HTTP Request,200,,text,TRUE,,176,124,http://3.89.23.28:8080/test,645,0,237
1.68952E+12,622,HTTP Request,200,,text,TRUE,,176,124,http://3.89.23.28:8080/test,622,0,225
1.68952E+12,675,HTTP Request,200,,text,TRUE,,176,124,http://3.89.23.28:8080/test,675,0,246
1.68952E+12,664,HTTP Request,200,,text,TRUE,,176,124,http://3.89.23.28:8080/test,664,0,233
1.68952E+12,718,HTTP Request,200,,text,TRUE,,176,124,http://3.89.23.28:8080/test,718,0,307
1.68952E+12,672,HTTP Request,200,,text,TRUE,,176,124,http://3.89.23.28:8080/test,672,0,241
1.68952E+12,654,HTTP Request,200,,text,TRUE,,176,124,http://3.89.23.28:8080/test,654,0,230
1.68952E+12,775,HTTP Request,200,,text,TRUE,,176,124,http://3.89.23.28:8080/test,775,0,266
1.68952E+12,664,HTTP Request,200,,text,TRUE,,176,124,http://3.89.23.28:8080/test,664,0,233
1.68952E+12,642,HTTP Request,200,,text,TRUE,,176,124,http://3.89.23.28:8080/test,642,0,224
1.68952E+12,701,HTTP Request,200,,text,TRUE,,176,124,http://3.89.23.28:8080/test,701,0,283
1.68952E+12,738,HTTP Request,200,,text,TRUE,,176,124,http://3.89.23.28:8080/test,738,0,230
1.68952E+12,733,HTTP Request,200,,text,TRUE,,176,124,http://3.89.23.28:8080/test,733,0,225
1.68952E+12,759,HTTP Request,200,,text,TRUE,,176,124,http://3.89.23.28:8080/test,759,0,246
1.68952E+12,807,HTTP Request,200,,text,TRUE,,176,124,http://3.89.23.28:8080/test,807,0,314
1.68952E+12,873,HTTP Request,200,,text,TRUE,,176,124,http://3.89.23.28:8080/test,873,0,271
1.68952E+12,868,HTTP Request,200,,text,TRUE,,176,124,http://3.89.23.28:8080/test,868,0,266
1.68952E+12,790,HTTP Request,200,,text,TRUE,,176,124,http://3.89.23.28:8080/test,790,0,289
1.68952E+12,758,HTTP Request,200,,text,TRUE,,176,124,http://3.89.23.28:8080/test,758,0,243
1.68952E+12,721,HTTP Request,200,,text,TRUE,,176,124,http://3.89.23.28:8080/test,721,0,296
1.68952E+12,721,HTTP Request,200,,text,TRUE,,176,124,http://3.89.23.28:8080/test,721,0,311
1.68952E+12,744,HTTP Request,200,,text,TRUE,,176,124,http://3.89.23.28:8080/test,744,0,235
1.68952E+12,686,HTTP Request,200,,text,TRUE,,176,124,http://3.89.23.28:8080/test,686,0,284
1.68952E+12,820,HTTP Request,200,,text,TRUE,,176,124,http://3.89.23.28:8080/test,820,0,322
1.68952E+12,744,HTTP Request,200,,text,TRUE,,176,124,http://3.89.23.28:8080/test,744,0,225
1.68952E+12,721,HTTP Request,200,,text,TRUE,,176,124,http://3.89.23.28:8080/test,721,0,293
1.68952E+12,774,HTTP Request,200,,text,TRUE,,176,124,http://3.89.23.28:8080/test,774,0,263
1.68952E+12,737,HTTP Request,200,,text,TRUE,,176,124,http://3.89.23.28:8080/test,736,0,223
1.68952E+12,805,HTTP Request,200,,text,TRUE,,176,124,http://3.89.23.28:8080/test,805,0,302
1.68952E+12,876,HTTP Request,200,,text,TRUE,,176,124,http://3.89.23.28:8080/test,876,0,268
1.68952E+12,764,HTTP Request,200,,text,TRUE,,176,124,http://3.89.23.28:8080/test,764,0,248
1.68952E+12,701,HTTP Request,200,,text,TRUE,,176,124,http://3.89.23.28:8080/test,701,0,292
1.68952E+12,725,HTTP Request,200,,text,TRUE,,176,124,http://3.89.23.28:8080/test,725,0,313
1.68952E+12,709,HTTP Request,200,,text,TRUE,,176,124,http://3.89.23.28:8080/test,709,0,299
1.68952E+12,717,HTTP Request,200,,text,TRUE,,176,124,http://3.89.23.28:8080/test,717,0,306
1.68952E+12,713,HTTP Request,200,,text,TRUE,,176,124,http://3.89.23.28:8080/test,713,0,300
1.68952E+12,691,HTTP Request,200,,text,TRUE,,176,124,http://3.89.23.28:8080/test,691,0,282
1.68952E+12,740,HTTP Request,200,,text,TRUE,,176,124,http://3.89.23.28:8080/test,740,0,231
1.68952E+12,727,HTTP Request,200,,text,TRUE,,176,124,http://3.89.23.28:8080/test,727,0,294
1.68952E+12,761,HTTP Request,200,,text,TRUE,,176,124,http://3.89.23.28:8080/test,761,0,237
1.68952E+12,684,HTTP Request,200,,text,TRUE,,176,124,http://3.89.23.28:8080/test,684,0,277
1.68952E+12,692,HTTP Request,200,,text,TRUE,,176,124,http://3.89.23.28:8080/test,692,0,283
1.68952E+12,730,HTTP Request,200,,text,TRUE,,176,124,http://3.89.23.28:8080/test,730,0,295
1.68952E+12,684,HTTP Request,200,,text,TRUE,,176,124,http://3.89.23.28:8080/test,684,0,277
1.68952E+12,724,HTTP Request,200,,text,TRUE,,176,124,http://3.89.23.28:8080/test,724,0,311
1.68952E+12,731,HTTP Request,200,,text,TRUE,,176,124,http://3.89.23.28:8080/test,731,0,315
1.68952E+12,673,HTTP Request,200,,text,TRUE,,176,124,http://3.89.23.28:8080/test,673,0,266
1.68952E+12,756,HTTP Request,200,,text,TRUE,,176,124,http://3.89.23.28:8080/test,756,0,236
1.68952E+12,745,HTTP Request,200,,text,TRUE,,176,124,http://3.89.23.28:8080/test,745,0,229
1.68952E+12,692,HTTP Request,200,,text,TRUE,,176,124,http://3.89.23.28:8080/test,689,0,281
1.68952E+12,685,HTTP Request,200,,text,TRUE,,176,124,http://3.89.23.28:8080/test,685,0,276
1.68952E+12,712,HTTP Request,200,,text,TRUE,,176,124,http://3.89.23.28:8080/test,711,0,296
1.68952E+12,699,HTTP Request,200,,text,TRUE,,176,124,http://3.89.23.28:8080/test,699,0,285
1.68952E+12,702,HTTP Request,200,,text,TRUE,,176,124,http://3.89.23.28:8080/test,702,0,286
1.68952E+12,713,HTTP Request,200,,text,TRUE,,176,124,http://3.89.23.28:8080/test,713,0,296
1.68952E+12,745,HTTP Request,200,,text,TRUE,,176,124,http://3.89.23.28:8080/test,745,0,305
1.68952E+12,743,HTTP Request,200,,text,TRUE,,176,124,http://3.89.23.28:8080/test,743,0,226
1.68952E+12,743,HTTP Request,200,,text,TRUE,,176,124,http://3.89.23.28:8080/test,743,0,303
1.68952E+12,730,HTTP Request,200,,text,TRUE,,176,124,http://3.89.23.28:8080/test,730,0,290
1.68952E+12,739,HTTP Request,200,,text,TRUE,,176,124,http://3.89.23.28:8080/test,739,0,316
1.68952E+12,736,HTTP Request,200,,text,TRUE,,176,124,http://3.89.23.28:8080/test,736,0,294
1.68952E+12,692,HTTP Request,200,,text,TRUE,,176,124,http://3.89.23.28:8080/test,692,0,276
1.68952E+12,742,HTTP Request,200,,text,TRUE,,176,124,http://3.89.23.28:8080/test,742,0,299
1.68952E+12,672,HTTP Request,200,,text,TRUE,,176,124,http://3.89.23.28:8080/test,672,0,261
1.68952E+12,721,HTTP Request,200,,text,TRUE,,176,124,http://3.89.23.28:8080/test,721,0,299
1.68952E+12,732,HTTP Request,200,,text,TRUE,,176,124,http://3.89.23.28:8080/test,732,0,289
1.68952E+12,736,HTTP Request,200,,text,TRUE,,176,124,http://3.89.23.28:8080/test,736,0,292
1.68952E+12,699,HTTP Request,200,,text,TRUE,,176,124,http://3.89.23.28:8080/test,699,0,276
1.68952E+12,748,HTTP Request,200,,text,TRUE,,176,124,http://3.89.23.28:8080/test,748,0,295
1.68952E+12,703,HTTP Request,200,,text,TRUE,,176,124,http://3.89.23.28:8080/test,703,0,276
1.68952E+12,725,HTTP Request,200,,text,TRUE,,176,124,http://3.89.23.28:8080/test,725,0,286
1.68952E+12,739,HTTP Request,200,,text,TRUE,,176,124,http://3.89.23.28:8080/test,739,0,296
1.68952E+12,761,HTTP Request,200,,text,TRUE,,176,124,http://3.89.23.28:8080/test,761,0,296
1.68952E+12,706,HTTP Request,200,,text,TRUE,,176,124,http://3.89.23.28:8080/test,706,0,268
1.68952E+12,725,HTTP Request,200,,text,TRUE,,176,124,http://3.89.23.28:8080/test,725,0,282
1.68952E+12,780,HTTP Request,200,,text,TRUE,,176,124,http://3.89.23.28:8080/test,780,0,234
1.68952E+12,711,HTTP Request,200,,text,TRUE,,176,124,http://3.89.23.28:8080/test,711,0,274
1.68952E+12,751,HTTP Request,200,,text,TRUE,,176,124,http://3.89.23.28:8080/test,751,0,304
1.68952E+12,713,HTTP Request,200,,text,TRUE,,176,124,http://3.89.23.28:8080/test,713,0,265
1.68952E+12,759,HTTP Request,200,,text,TRUE,,176,124,http://3.89.23.28:8080/test,759,0,302
1.68952E+12,743,HTTP Request,200,,text,TRUE,,176,124,http://3.89.23.28:8080/test,743,0,287
1.68952E+12,745,HTTP Request,200,,text,TRUE,,176,124,http://3.89.23.28:8080/test,745,0,289
1.68952E+12,780,HTTP Request,200,,text,TRUE,,176,124,http://3.89.23.28:8080/test,779,0,298
1.68952E+12,746,HTTP Request,200,,text,TRUE,,176,124,http://3.89.23.28:8080/test,746,0,289
1.68952E+12,763,HTTP Request,200,,text,TRUE,,176,124,http://3.89.23.28:8080/test,763,0,301
1.68952E+12,713,HTTP Request,200,,text,TRUE,,176,124,http://3.89.23.28:8080/test,713,0,261
1.68952E+12,707,HTTP Request,200,,text,TRUE,,176,124,http://3.89.23.28:8080/test,707,0,256
1.68952E+12,803,HTTP Request,200,,text,TRUE,,176,124,http://3.89.23.28:8080/test,795,0,230
1.68952E+12,818,HTTP Request,200,,text,TRUE,,176,124,http://3.89.23.28:8080/test,818,0,239
1.68952E+12,822,HTTP Request,200,,text,TRUE,,176,124,http://3.89.23.28:8080/test,822,0,243
1.68952E+12,780,HTTP Request,200,,text,TRUE,,176,124,http://3.89.23.28:8080/test,779,0,301
1.68952E+12,769,HTTP Request,200,,text,TRUE,,176,124,http://3.89.23.28:8080/test,769,0,294
1.68952E+12,779,HTTP Request,200,,text,TRUE,,176,124,http://3.89.23.28:8080/test,779,0,301
1.68952E+12,788,HTTP Request,200,,text,TRUE,,176,124,http://3.89.23.28:8080/test,787,0,309
1.68952E+12,763,HTTP Request,200,,text,TRUE,,176,124,http://3.89.23.28:8080/test,763,0,287
1.68952E+12,794,HTTP Request,200,,text,TRUE,,176,124,http://3.89.23.28:8080/test,794,0,296
1.68952E+12,820,HTTP Request,200,,text,TRUE,,176,124,http://3.89.23.28:8080/test,820,0,236
1.68952E+12,778,HTTP Request,200,,text,TRUE,,176,124,http://3.89.23.28:8080/test,778,0,298
1.68952E+12,780,HTTP Request,200,,text,TRUE,,176,124,http://3.89.23.28:8080/test,780,0,298
1.68952E+12,748,HTTP Request,200,,text,TRUE,,176,124,http://3.89.23.28:8080/test,748,0,269
1.68952E+12,777,HTTP Request,200,,text,TRUE,,176,124,http://3.89.23.28:8080/test,777,0,289
1.68952E+12,755,HTTP Request,200,,text,TRUE,,176,124,http://3.89.23.28:8080/test,754,0,272
1.68952E+12,768,HTTP Request,200,,text,TRUE,,176,124,http://3.89.23.28:8080/test,768,0,283
1.68952E+12,777,HTTP Request,200,,text,TRUE,,176,124,http://3.89.23.28:8080/test,777,0,288
1.68952E+12,814,HTTP Request,200,,text,TRUE,,176,124,http://3.89.23.28:8080/test,814,0,300
1.68952E+12,809,HTTP Request,200,,text,TRUE,,176,124,http://3.89.23.28:8080/test,809,0,315
1.68952E+12,791,HTTP Request,200,,text,TRUE,,176,124,http://3.89.23.28:8080/test,791,0,298
1.68952E+12,788,HTTP Request,200,,text,TRUE,,176,124,http://3.89.23.28:8080/test,788,0,289
1.68952E+12,754,HTTP Request,200,,text,TRUE,,176,124,http://3.89.23.28:8080/test,754,0,261
1.68952E+12,792,HTTP Request,200,,text,TRUE,,176,124,http://3.89.23.28:8080/test,792,0,292
1.68952E+12,805,HTTP Request,200,,text,TRUE,,176,124,http://3.89.23.28:8080/test,805,0,298
1.68952E+12,773,HTTP Request,200,,text,TRUE,,176,124,http://3.89.23.28:8080/test,773,0,274
1.68952E+12,816,HTTP Request,200,,text,TRUE,,176,124,http://3.89.23.28:8080/test,816,0,303
1.68952E+12,797,HTTP Request,200,,text,TRUE,,176,124,http://3.89.23.28:8080/test,797,0,287
1.68952E+12,815,HTTP Request,200,,text,TRUE,,176,124,http://3.89.23.28:8080/test,815,0,301
1.68952E+12,789,HTTP Request,200,,text,TRUE,,176,124,http://3.89.23.28:8080/test,789,0,277
1.68952E+12,813,HTTP Request,200,,text,TRUE,,176,124,http://3.89.23.28:8080/test,813,0,296
1.68952E+12,590,HTTP Request,200,,text,TRUE,,176,124,http://3.89.23.28:8080/test,590,0,234
1.68952E+12,593,HTTP Request,200,,text,TRUE,,176,124,http://3.89.23.28:8080/test,592,0,223
1.68952E+12,606,HTTP Request,200,,text,TRUE,,176,124,http://3.89.23.28:8080/test,606,0,235
1.68952E+12,613,HTTP Request,200,,text,TRUE,,176,124,http://3.89.23.28:8080/test,613,0,240
1.68952E+12,609,HTTP Request,200,,text,TRUE,,176,124,http://3.89.23.28:8080/test,609,0,236
1.68952E+12,588,HTTP Request,200,,text,TRUE,,176,124,http://3.89.23.28:8080/test,588,0,233
1.68952E+12,606,HTTP Request,200,,text,TRUE,,176,124,http://3.89.23.28:8080/test,606,0,235
1.68952E+12,568,HTTP Request,200,,text,TRUE,,176,124,http://3.89.23.28:8080/test,568,0,229
1.68952E+12,603,HTTP Request,200,,text,TRUE,,176,124,http://3.89.23.28:8080/test,603,0,230
1.68952E+12,830,HTTP Request,200,,text,TRUE,,176,124,http://3.89.23.28:8080/test,830,0,291
1.68952E+12,610,HTTP Request,200,,text,TRUE,,176,124,http://3.89.23.28:8080/test,610,0,233
1.68952E+12,602,HTTP Request,200,,text,TRUE,,176,124,http://3.89.23.28:8080/test,602,0,241
1.68952E+12,595,HTTP Request,200,,text,TRUE,,176,124,http://3.89.23.28:8080/test,595,0,233
1.68952E+12,589,HTTP Request,200,,text,TRUE,,176,124,http://3.89.23.28:8080/test,583,0,236
1.68952E+12,597,HTTP Request,200,,text,TRUE,,176,124,http://3.89.23.28:8080/test,597,0,228
1.68952E+12,826,HTTP Request,200,,text,TRUE,,176,124,http://3.89.23.28:8080/test,826,0,281
1.68952E+12,605,HTTP Request,200,,text,TRUE,,176,124,http://3.89.23.28:8080/test,605,0,235
1.68952E+12,744,HTTP Request,200,,text,TRUE,,176,124,http://3.89.23.28:8080/test,744,0,242
1.68952E+12,615,HTTP Request,200,,text,TRUE,,176,124,http://3.89.23.28:8080/test,615,0,221
1.68952E+12,590,HTTP Request,200,,text,TRUE,,176,124,http://3.89.23.28:8080/test,590,0,228
1.68952E+12,611,HTTP Request,200,,text,TRUE,,176,124,http://3.89.23.28:8080/test,611,0,232
1.68952E+12,615,HTTP Request,200,,text,TRUE,,176,124,http://3.89.23.28:8080/test,615,0,236
1.68952E+12,758,HTTP Request,200,,text,TRUE,,176,124,http://3.89.23.28:8080/test,758,0,238
1.68952E+12,649,HTTP Request,200,,text,TRUE,,176,124,http://3.89.23.28:8080/test,649,0,221
1.68952E+12,652,HTTP Request,200,,text,TRUE,,176,124,http://3.89.23.28:8080/test,652,0,248
1.68952E+12,843,HTTP Request,200,,text,TRUE,,176,124,http://3.89.23.28:8080/test,796,0,282
1.68952E+12,629,HTTP Request,200,,text,TRUE,,176,124,http://3.89.23.28:8080/test,628,0,227
1.68952E+12,812,HTTP Request,200,,text,TRUE,,176,124,http://3.89.23.28:8080/test,812,0,258
1.68952E+12,647,HTTP Request,200,,text,TRUE,,176,124,http://3.89.23.28:8080/test,647,0,241
1.68952E+12,874,HTTP Request,200,,text,TRUE,,176,124,http://3.89.23.28:8080/test,847,0,302
1.68952E+12,1249,HTTP Request,200,,text,TRUE,,176,124,http://3.89.23.28:8080/test,1231,0,249
1.68952E+12,756,HTTP Request,200,,text,TRUE,,176,124,http://3.89.23.28:8080/test,756,0,232
1.68952E+12,631,HTTP Request,200,,text,TRUE,,176,124,http://3.89.23.28:8080/test,619,0,224
1.68952E+12,653,HTTP Request,200,,text,TRUE,,176,124,http://3.89.23.28:8080/test,653,0,239
1.68952E+12,828,HTTP Request,200,,text,TRUE,,176,124,http://3.89.23.28:8080/test,828,0,262
1.68952E+12,882,HTTP Request,200,,text,TRUE,,176,124,http://3.89.23.28:8080/test,882,0,303
1.68952E+12,658,HTTP Request,200,,text,TRUE,,176,124,http://3.89.23.28:8080/test,657,0,240
1.68952E+12,645,HTTP Request,200,,text,TRUE,,176,124,http://3.89.23.28:8080/test,645,0,226
1.68952E+12,643,HTTP Request,200,,text,TRUE,,176,124,http://3.89.23.28:8080/test,643,0,225
1.68952E+12,787,HTTP Request,200,,text,TRUE,,176,124,http://3.89.23.28:8080/test,787,0,245
1.68952E+12,675,HTTP Request,200,,text,TRUE,,176,124,http://3.89.23.28:8080/test,675,0,241
1.68952E+12,655,HTTP Request,200,,text,TRUE,,176,124,http://3.89.23.28:8080/test,655,0,240
1.68952E+12,635,HTTP Request,200,,text,TRUE,,176,124,http://3.89.23.28:8080/test,634,0,234
1.68952E+12,811,HTTP Request,200,,text,TRUE,,176,124,http://3.89.23.28:8080/test,811,0,247
1.68952E+12,651,HTTP Request,200,,text,TRUE,,176,124,http://3.89.23.28:8080/test,651,0,235
1.68952E+12,785,HTTP Request,200,,text,TRUE,,176,124,http://3.89.23.28:8080/test,785,0,308
1.68952E+12,683,HTTP Request,200,,text,TRUE,,176,124,http://3.89.23.28:8080/test,683,0,221
1.68952E+12,880,HTTP Request,200,,text,TRUE,,176,124,http://3.89.23.28:8080/test,880,0,282
1.68952E+12,690,HTTP Request,200,,text,TRUE,,176,124,http://3.89.23.28:8080/test,690,0,225
1.68952E+12,642,HTTP Request,200,,text,TRUE,,176,124,http://3.89.23.28:8080/test,642,0,232
1.68952E+12,663,HTTP Request,200,,text,TRUE,,176,124,http://3.89.23.28:8080/test,663,0,220
1.68952E+12,683,HTTP Request,200,,text,TRUE,,176,124,http://3.89.23.28:8080/test,683,0,237
1.68952E+12,666,HTTP Request,200,,text,TRUE,,176,124,http://3.89.23.28:8080/test,666,0,238
1.68952E+12,875,HTTP Request,200,,text,TRUE,,176,124,http://3.89.23.28:8080/test,875,0,272
1.68952E+12,657,HTTP Request,200,,text,TRUE,,176,124,http://3.89.23.28:8080/test,657,0,227
1.68952E+12,688,HTTP Request,200,,text,TRUE,,176,124,http://3.89.23.28:8080/test,670,0,237
1.68952E+12,683,HTTP Request,200,,text,TRUE,,176,124,http://3.89.23.28:8080/test,683,0,233
1.68952E+12,666,HTTP Request,200,,text,TRUE,,176,124,http://3.89.23.28:8080/test,666,0,230
1.68952E+12,868,HTTP Request,200,,text,TRUE,,176,124,http://3.89.23.28:8080/test,868,0,261
1.68952E+12,694,HTTP Request,200,,text,TRUE,,176,124,http://3.89.23.28:8080/test,694,0,234
1.68952E+12,699,HTTP Request,200,,text,TRUE,,176,124,http://3.89.23.28:8080/test,699,0,232
1.68952E+12,674,HTTP Request,200,,text,TRUE,,176,124,http://3.89.23.28:8080/test,674,0,226
1.68952E+12,703,HTTP Request,200,,text,TRUE,,176,124,http://3.89.23.28:8080/test,703,0,237
1.68952E+12,698,HTTP Request,200,,text,TRUE,,176,124,http://3.89.23.28:8080/test,698,0,228
1.68952E+12,689,HTTP Request,200,,text,TRUE,,176,124,http://3.89.23.28:8080/test,688,0,235
1.68952E+12,684,HTTP Request,200,,text,TRUE,,176,124,http://3.89.23.28:8080/test,683,0,228
1.68952E+12,709,HTTP Request,200,,text,TRUE,,176,124,http://3.89.23.28:8080/test,708,0,233
1.68952E+12,731,HTTP Request,200,,text,TRUE,,176,124,http://3.89.23.28:8080/test,731,0,226
1.68952E+12,843,HTTP Request,200,,text,TRUE,,176,124,http://3.89.23.28:8080/test,843,0,243
1.68952E+12,680,HTTP Request,200,,text,TRUE,,176,124,http://3.89.23.28:8080/test,680,0,234
1.68952E+12,909,HTTP Request,200,,text,TRUE,,176,124,http://3.89.23.28:8080/test,909,0,273
1.68952E+12,706,HTTP Request,200,,text,TRUE,,176,124,http://3.89.23.28:8080/test,706,0,243
1.68952E+12,701,HTTP Request,200,,text,TRUE,,176,124,http://3.89.23.28:8080/test,701,0,236
1.68952E+12,926,HTTP Request,200,,text,TRUE,,176,124,http://3.89.23.28:8080/test,926,0,279
1.68952E+12,734,HTTP Request,200,,text,TRUE,,176,124,http://3.89.23.28:8080/test,734,0,241
1.68952E+12,843,HTTP Request,200,,text,TRUE,,176,124,http://3.89.23.28:8080/test,843,0,232
1.68952E+12,701,HTTP Request,200,,text,TRUE,,176,124,http://3.89.23.28:8080/test,701,0,230
1.68952E+12,969,HTTP Request,200,,text,TRUE,,176,124,http://3.89.23.28:8080/test,969,0,296
1.68952E+12,737,HTTP Request,200,,text,TRUE,,176,124,http://3.89.23.28:8080/test,737,0,242
1.68952E+12,766,HTTP Request,200,,text,TRUE,,176,124,http://3.89.23.28:8080/test,766,0,226
1.68952E+12,736,HTTP Request,200,,text,TRUE,,176,124,http://3.89.23.28:8080/test,736,0,222
1.68952E+12,866,HTTP Request,200,,text,TRUE,,176,124,http://3.89.23.28:8080/test,866,0,243
1.68952E+12,745,HTTP Request,200,,text,TRUE,,176,124,http://3.89.23.28:8080/test,745,0,244
1.68952E+12,683,HTTP Request,200,,text,TRUE,,176,124,http://3.89.23.28:8080/test,683,0,245
1.68952E+12,732,HTTP Request,200,,text,TRUE,,176,124,http://3.89.23.28:8080/test,732,0,239
1.68952E+12,724,HTTP Request,200,,text,TRUE,,176,124,http://3.89.23.28:8080/test,724,0,231
1.68952E+12,743,HTTP Request,200,,text,TRUE,,176,124,http://3.89.23.28:8080/test,743,0,248
1.68952E+12,779,HTTP Request,200,,text,TRUE,,176,124,http://3.89.23.28:8080/test,777,0,244
1.68952E+12,781,HTTP Request,200,,text,TRUE,,176,124,http://3.89.23.28:8080/test,781,0,222
1.68952E+12,711,HTTP Request,200,,text,TRUE,,176,124,http://3.89.23.28:8080/test,706,0,223
1.68952E+12,774,HTTP Request,200,,text,TRUE,,176,124,http://3.89.23.28:8080/test,774,0,238
1.68952E+12,760,HTTP Request,200,,text,TRUE,,176,124,http://3.89.23.28:8080/test,760,0,251
1.68952E+12,748,HTTP Request,200,,text,TRUE,,176,124,http://3.89.23.28:8080/test,748,0,239
1.68952E+12,758,HTTP Request,200,,text,TRUE,,176,124,http://3.89.23.28:8080/test,758,0,248
1.68952E+12,743,HTTP Request,200,,text,TRUE,,176,124,http://3.89.23.28:8080/test,743,0,234
1.68952E+12,715,HTTP Request,200,,text,TRUE,,176,124,http://3.89.23.28:8080/test,715,0,230
1.68952E+12,734,HTTP Request,200,,text,TRUE,,176,124,http://3.89.23.28:8080/test,734,0,221
1.68952E+12,788,HTTP Request,200,,text,TRUE,,176,124,http://3.89.23.28:8080/test,764,0,249
1.68952E+12,733,HTTP Request,200,,text,TRUE,,176,124,http://3.89.23.28:8080/test,732,0,234
1.68952E+12,755,HTTP Request,200,,text,TRUE,,176,124,http://3.89.23.28:8080/test,755,0,239
1.68952E+12,1179,HTTP Request,200,,text,TRUE,,176,124,http://3.89.23.28:8080/test,1179,0,256
1.68952E+12,744,HTTP Request,200,,text,TRUE,,176,124,http://3.89.23.28:8080/test,744,0,245
1.68952E+12,780,HTTP Request,200,,text,TRUE,,176,124,http://3.89.23.28:8080/test,780,0,240
1.68952E+12,768,HTTP Request,200,,text,TRUE,,176,124,http://3.89.23.28:8080/test,768,0,236
1.68952E+12,760,HTTP Request,200,,text,TRUE,,176,124,http://3.89.23.28:8080/test,760,0,245
1.68952E+12,775,HTTP Request,200,,text,TRUE,,176,124,http://3.89.23.28:8080/test,775,0,234
1.68952E+12,779,HTTP Request,200,,text,TRUE,,176,124,http://3.89.23.28:8080/test,779,0,238
1.68952E+12,748,HTTP Request,200,,text,TRUE,,176,124,http://3.89.23.28:8080/test,748,0,232
1.68952E+12,760,HTTP Request,200,,text,TRUE,,176,124,http://3.89.23.28:8080/test,760,0,242
1.68952E+12,778,HTTP Request,200,,text,TRUE,,176,124,http://3.89.23.28:8080/test,776,0,232
1.68952E+12,758,HTTP Request,200,,text,TRUE,,176,124,http://3.89.23.28:8080/test,758,0,236
1.68952E+12,785,HTTP Request,200,,text,TRUE,,176,124,http://3.89.23.28:8080/test,785,0,230
1.68952E+12,787,HTTP Request,200,,text,TRUE,,176,124,http://3.89.23.28:8080/test,787,0,232
1.68952E+12,789,HTTP Request,200,,text,TRUE,,176,124,http://3.89.23.28:8080/test,789,0,242
1.68952E+12,783,HTTP Request,200,,text,TRUE,,176,124,http://3.89.23.28:8080/test,783,0,236
1.68952E+12,804,HTTP Request,200,,text,TRUE,,176,124,http://3.89.23.28:8080/test,804,0,246
1.68952E+12,781,HTTP Request,200,,text,TRUE,,176,124,http://3.89.23.28:8080/test,781,0,250
1.68952E+12,775,HTTP Request,200,,text,TRUE,,176,124,http://3.89.23.28:8080/test,775,0,231
1.68952E+12,810,HTTP Request,200,,text,TRUE,,176,124,http://3.89.23.28:8080/test,794,0,239
1.68952E+12,801,HTTP Request,200,,text,TRUE,,176,124,http://3.89.23.28:8080/test,801,0,238
1.68952E+12,814,HTTP Request,200,,text,TRUE,,176,124,http://3.89.23.28:8080/test,814,0,241
1.68952E+12,787,HTTP Request,200,,text,TRUE,,176,124,http://3.89.23.28:8080/test,786,0,225
1.68952E+12,808,HTTP Request,200,,text,TRUE,,176,124,http://3.89.23.28:8080/test,808,0,236
1.68952E+12,789,HTTP Request,200,,text,TRUE,,176,124,http://3.89.23.28:8080/test,789,0,244
1.68952E+12,1338,HTTP Request,200,,text,TRUE,,176,124,http://3.89.23.28:8080/test,1337,0,234
1.68952E+12,568,HTTP Request,200,,text,TRUE,,176,124,http://3.89.23.28:8080/test,568,0,237
1.68952E+12,580,HTTP Request,200,,text,TRUE,,176,124,http://3.89.23.28:8080/test,580,0,237
1.68952E+12,592,HTTP Request,200,,text,TRUE,,176,124,http://3.89.23.28:8080/test,592,0,248
1.68952E+12,643,HTTP Request,200,,text,TRUE,,176,124,http://3.89.23.28:8080/test,643,0,270
1.68952E+12,602,HTTP Request,200,,text,TRUE,,176,124,http://3.89.23.28:8080/test,602,0,237
1.68952E+12,563,HTTP Request,200,,text,TRUE,,176,124,http://3.89.23.28:8080/test,563,0,234
1.68952E+12,584,HTTP Request,200,,text,TRUE,,176,124,http://3.89.23.28:8080/test,584,0,228
1.68952E+12,819,HTTP Request,200,,text,TRUE,,176,124,http://3.89.23.28:8080/test,819,0,241
1.68952E+12,817,HTTP Request,200,,text,TRUE,,176,124,http://3.89.23.28:8080/test,756,0,242
1.68952E+12,582,HTTP Request,200,,text,TRUE,,176,124,http://3.89.23.28:8080/test,582,0,239
1.68952E+12,831,HTTP Request,200,,text,TRUE,,176,124,http://3.89.23.28:8080/test,709,0,238
1.68952E+12,847,HTTP Request,200,,text,TRUE,,176,124,http://3.89.23.28:8080/test,847,0,243
1.68952E+12,588,HTTP Request,200,,text,TRUE,,176,124,http://3.89.23.28:8080/test,588,0,230
1.68952E+12,822,HTTP Request,200,,text,TRUE,,176,124,http://3.89.23.28:8080/test,822,0,242
1.68952E+12,611,HTTP Request,200,,text,TRUE,,176,124,http://3.89.23.28:8080/test,611,0,235
1.68952E+12,606,HTTP Request,200,,text,TRUE,,176,124,http://3.89.23.28:8080/test,606,0,240
1.68952E+12,827,HTTP Request,200,,text,TRUE,,176,124,http://3.89.23.28:8080/test,827,0,239
1.68952E+12,615,HTTP Request,200,,text,TRUE,,176,124,http://3.89.23.28:8080/test,615,0,243
1.68952E+12,614,HTTP Request,200,,text,TRUE,,176,124,http://3.89.23.28:8080/test,614,0,239
1.68952E+12,617,HTTP Request,200,,text,TRUE,,176,124,http://3.89.23.28:8080/test,617,0,243
1.68952E+12,612,HTTP Request,200,,text,TRUE,,176,124,http://3.89.23.28:8080/test,612,0,236
1.68952E+12,627,HTTP Request,200,,text,TRUE,,176,124,http://3.89.23.28:8080/test,627,0,230
1.68952E+12,619,HTTP Request,200,,text,TRUE,,176,124,http://3.89.23.28:8080/test,619,0,241
1.68952E+12,631,HTTP Request,200,,text,TRUE,,176,124,http://3.89.23.28:8080/test,631,0,250
1.68952E+12,624,HTTP Request,200,,text,TRUE,,176,124,http://3.89.23.28:8080/test,624,0,242
1.68952E+12,868,HTTP Request,200,,text,TRUE,,176,124,http://3.89.23.28:8080/test,868,0,237
1.68952E+12,878,HTTP Request,200,,text,TRUE,,176,124,http://3.89.23.28:8080/test,756,0,243
1.68952E+12,875,HTTP Request,200,,text,TRUE,,176,124,http://3.89.23.28:8080/test,875,0,241
1.68952E+12,622,HTTP Request,200,,text,TRUE,,176,124,http://3.89.23.28:8080/test,615,0,231
1.68952E+12,641,HTTP Request,200,,text,TRUE,,176,124,http://3.89.23.28:8080/test,641,0,229
1.68952E+12,688,HTTP Request,200,,text,TRUE,,176,124,http://3.89.23.28:8080/test,688,0,264
1.68952E+12,643,HTTP Request,200,,text,TRUE,,176,124,http://3.89.23.28:8080/test,643,0,227
1.68952E+12,705,HTTP Request,200,,text,TRUE,,176,124,http://3.89.23.28:8080/test,705,0,270
1.68952E+12,637,HTTP Request,200,,text,TRUE,,176,124,http://3.89.23.28:8080/test,637,0,232
1.68952E+12,681,HTTP Request,200,,text,TRUE,,176,124,http://3.89.23.28:8080/test,681,0,236
1.68952E+12,668,HTTP Request,200,,text,TRUE,,176,124,http://3.89.23.28:8080/test,668,0,245
1.68952E+12,654,HTTP Request,200,,text,TRUE,,176,124,http://3.89.23.28:8080/test,622,0,236
1.68952E+12,645,HTTP Request,200,,text,TRUE,,176,124,http://3.89.23.28:8080/test,613,0,226
1.68952E+12,658,HTTP Request,200,,text,TRUE,,176,124,http://3.89.23.28:8080/test,658,0,237
1.68952E+12,657,HTTP Request,200,,text,TRUE,,176,124,http://3.89.23.28:8080/test,657,0,236
1.68952E+12,664,HTTP Request,200,,text,TRUE,,176,124,http://3.89.23.28:8080/test,664,0,240
1.68952E+12,664,HTTP Request,200,,text,TRUE,,176,124,http://3.89.23.28:8080/test,664,0,241
1.68952E+12,724,HTTP Request,200,,text,TRUE,,176,124,http://3.89.23.28:8080/test,724,0,274
1.68952E+12,664,HTTP Request,200,,text,TRUE,,176,124,http://3.89.23.28:8080/test,664,0,240
1.68952E+12,636,HTTP Request,200,,text,TRUE,,176,124,http://3.89.23.28:8080/test,636,0,230
1.68952E+12,633,HTTP Request,200,,text,TRUE,,176,124,http://3.89.23.28:8080/test,633,0,228
1.68952E+12,672,HTTP Request,200,,text,TRUE,,176,124,http://3.89.23.28:8080/test,672,0,244
1.68952E+12,665,HTTP Request,200,,text,TRUE,,176,124,http://3.89.23.28:8080/test,665,0,235
1.68952E+12,671,HTTP Request,200,,text,TRUE,,176,124,http://3.89.23.28:8080/test,671,0,244
1.68952E+12,692,HTTP Request,200,,text,TRUE,,176,124,http://3.89.23.28:8080/test,692,0,237
1.68952E+12,677,HTTP Request,200,,text,TRUE,,176,124,http://3.89.23.28:8080/test,677,0,245
1.68952E+12,746,HTTP Request,200,,text,TRUE,,176,124,http://3.89.23.28:8080/test,746,0,277
1.68952E+12,685,HTTP Request,200,,text,TRUE,,176,124,http://3.89.23.28:8080/test,685,0,246
1.68952E+12,664,HTTP Request,200,,text,TRUE,,176,124,http://3.89.23.28:8080/test,664,0,238
1.68952E+12,657,HTTP Request,200,,text,TRUE,,176,124,http://3.89.23.28:8080/test,657,0,233
1.68952E+12,678,HTTP Request,200,,text,TRUE,,176,124,http://3.89.23.28:8080/test,619,0,238
1.68952E+12,682,HTTP Request,200,,text,TRUE,,176,124,http://3.89.23.28:8080/test,682,0,238
1.68952E+12,710,HTTP Request,200,,text,TRUE,,176,124,http://3.89.23.28:8080/test,710,0,241
1.68952E+12,757,HTTP Request,200,,text,TRUE,,176,124,http://3.89.23.28:8080/test,757,0,279
1.68952E+12,681,HTTP Request,200,,text,TRUE,,176,124,http://3.89.23.28:8080/test,681,0,234
1.68952E+12,697,HTTP Request,200,,text,TRUE,,176,124,http://3.89.23.28:8080/test,697,0,241
1.68952E+12,747,HTTP Request,200,,text,TRUE,,176,124,http://3.89.23.28:8080/test,747,0,261
1.68952E+12,701,HTTP Request,200,,text,TRUE,,176,124,http://3.89.23.28:8080/test,701,0,242
1.68952E+12,692,HTTP Request,200,,text,TRUE,,176,124,http://3.89.23.28:8080/test,692,0,237
1.68952E+12,713,HTTP Request,200,,text,TRUE,,176,124,http://3.89.23.28:8080/test,713,0,237
1.68952E+12,787,HTTP Request,200,,text,TRUE,,176,124,http://3.89.23.28:8080/test,786,0,276
1.68952E+12,704,HTTP Request,200,,text,TRUE,,176,124,http://3.89.23.28:8080/test,704,0,239
1.68952E+12,795,HTTP Request,200,,text,TRUE,,176,124,http://3.89.23.28:8080/test,795,0,282
1.68952E+12,704,HTTP Request,200,,text,TRUE,,176,124,http://3.89.23.28:8080/test,704,0,227
1.68952E+12,695,HTTP Request,200,,text,TRUE,,176,124,http://3.89.23.28:8080/test,695,0,231
1.68952E+12,731,HTTP Request,200,,text,TRUE,,176,124,http://3.89.23.28:8080/test,731,0,229
1.68952E+12,636,HTTP Request,200,,text,TRUE,,176,124,http://3.89.23.28:8080/test,636,0,230
1.68952E+12,658,HTTP Request,200,,text,TRUE,,176,124,http://3.89.23.28:8080/test,657,0,234
1.68952E+12,704,HTTP Request,200,,text,TRUE,,176,124,http://3.89.23.28:8080/test,704,0,230
1.68952E+12,700,HTTP Request,200,,text,TRUE,,176,124,http://3.89.23.28:8080/test,700,0,236
1.68952E+12,720,HTTP Request,200,,text,TRUE,,176,124,http://3.89.23.28:8080/test,720,0,244
1.68952E+12,704,HTTP Request,200,,text,TRUE,,176,124,http://3.89.23.28:8080/test,704,0,230
1.68952E+12,698,HTTP Request,200,,text,TRUE,,176,124,http://3.89.23.28:8080/test,698,0,226
1.68952E+12,714,HTTP Request,200,,text,TRUE,,176,124,http://3.89.23.28:8080/test,714,0,240
1.68952E+12,663,HTTP Request,200,,text,TRUE,,176,124,http://3.89.23.28:8080/test,663,0,229
1.68952E+12,736,HTTP Request,200,,text,TRUE,,176,124,http://3.89.23.28:8080/test,735,0,250
1.68952E+12,734,HTTP Request,200,,text,TRUE,,176,124,http://3.89.23.28:8080/test,734,0,248
1.68952E+12,728,HTTP Request,200,,text,TRUE,,176,124,http://3.89.23.28:8080/test,728,0,242
1.68952E+12,683,HTTP Request,200,,text,TRUE,,176,124,http://3.89.23.28:8080/test,683,0,240
1.68952E+12,720,HTTP Request,200,,text,TRUE,,176,124,http://3.89.23.28:8080/test,720,0,234
1.68952E+12,722,HTTP Request,200,,text,TRUE,,176,124,http://3.89.23.28:8080/test,721,0,236
1.68952E+12,737,HTTP Request,200,,text,TRUE,,176,124,http://3.89.23.28:8080/test,736,0,247
1.68952E+12,714,HTTP Request,200,,text,TRUE,,176,124,http://3.89.23.28:8080/test,714,0,238
1.68952E+12,750,HTTP Request,200,,text,TRUE,,176,124,http://3.89.23.28:8080/test,750,0,249
1.68952E+12,749,HTTP Request,200,,text,TRUE,,176,124,http://3.89.23.28:8080/test,749,0,244
1.68952E+12,668,HTTP Request,200,,text,TRUE,,176,124,http://3.89.23.28:8080/test,668,0,226
1.68952E+12,669,HTTP Request,200,,text,TRUE,,176,124,http://3.89.23.28:8080/test,669,0,227
1.68952E+12,747,HTTP Request,200,,text,TRUE,,176,124,http://3.89.23.28:8080/test,747,0,244
1.68952E+12,728,HTTP Request,200,,text,TRUE,,176,124,http://3.89.23.28:8080/test,728,0,238
1.68952E+12,745,HTTP Request,200,,text,TRUE,,176,124,http://3.89.23.28:8080/test,745,0,238
1.68952E+12,752,HTTP Request,200,,text,TRUE,,176,124,http://3.89.23.28:8080/test,752,0,244
1.68952E+12,682,HTTP Request,200,,text,TRUE,,176,124,http://3.89.23.28:8080/test,682,0,232
1.68952E+12,750,HTTP Request,200,,text,TRUE,,176,124,http://3.89.23.28:8080/test,750,0,239
1.68952E+12,679,HTTP Request,200,,text,TRUE,,176,124,http://3.89.23.28:8080/test,679,0,226
1.68952E+12,752,HTTP Request,200,,text,TRUE,,176,124,http://3.89.23.28:8080/test,752,0,240
1.68952E+12,742,HTTP Request,200,,text,TRUE,,176,124,http://3.89.23.28:8080/test,742,0,231
1.68952E+12,708,HTTP Request,200,,text,TRUE,,176,124,http://3.89.23.28:8080/test,708,0,236
1.68952E+12,751,HTTP Request,200,,text,TRUE,,176,124,http://3.89.23.28:8080/test,751,0,237
1.68952E+12,721,HTTP Request,200,,text,TRUE,,176,124,http://3.89.23.28:8080/test,721,0,222
1.68952E+12,712,HTTP Request,200,,text,TRUE,,176,124,http://3.89.23.28:8080/test,712,0,235
1.68952E+12,765,HTTP Request,200,,text,TRUE,,176,124,http://3.89.23.28:8080/test,765,0,236
1.68952E+12,791,HTTP Request,200,,text,TRUE,,176,124,http://3.89.23.28:8080/test,791,0,245
1.68952E+12,769,HTTP Request,200,,text,TRUE,,176,124,http://3.89.23.28:8080/test,769,0,240
1.68952E+12,780,HTTP Request,200,,text,TRUE,,176,124,http://3.89.23.28:8080/test,780,0,247
1.68952E+12,733,HTTP Request,200,,text,TRUE,,176,124,http://3.89.23.28:8080/test,733,0,244
1.68952E+12,760,HTTP Request,200,,text,TRUE,,176,124,http://3.89.23.28:8080/test,760,0,231
1.68952E+12,775,HTTP Request,200,,text,TRUE,,176,124,http://3.89.23.28:8080/test,775,0,243
1.68952E+12,755,HTTP Request,200,,text,TRUE,,176,124,http://3.89.23.28:8080/test,755,0,234
1.68952E+12,714,HTTP Request,200,,text,TRUE,,176,124,http://3.89.23.28:8080/test,714,0,230
1.68952E+12,761,HTTP Request,200,,text,TRUE,,176,124,http://3.89.23.28:8080/test,760,0,238
1.68952E+12,802,HTTP Request,200,,text,TRUE,,176,124,http://3.89.23.28:8080/test,802,0,241
1.68952E+12,766,HTTP Request,200,,text,TRUE,,176,124,http://3.89.23.28:8080/test,766,0,234
1.68952E+12,792,HTTP Request,200,,text,TRUE,,176,124,http://3.89.23.28:8080/test,792,0,242
1.68952E+12,711,HTTP Request,200,,text,TRUE,,176,124,http://3.89.23.28:8080/test,711,0,223
1.68952E+12,772,HTTP Request,200,,text,TRUE,,176,124,http://3.89.23.28:8080/test,772,0,226
1.68952E+12,805,HTTP Request,200,,text,TRUE,,176,124,http://3.89.23.28:8080/test,803,0,253
1.68952E+12,790,HTTP Request,200,,text,TRUE,,176,124,http://3.89.23.28:8080/test,790,0,239
1.68952E+12,793,HTTP Request,200,,text,TRUE,,176,124,http://3.89.23.28:8080/test,793,0,245
1.68952E+12,794,HTTP Request,200,,text,TRUE,,176,124,http://3.89.23.28:8080/test,794,0,243
1.68952E+12,796,HTTP Request,200,,text,TRUE,,176,124,http://3.89.23.28:8080/test,796,0,242
1.68952E+12,773,HTTP Request,200,,text,TRUE,,176,124,http://3.89.23.28:8080/test,773,0,232
1.68952E+12,777,HTTP Request,200,,text,TRUE,,176,124,http://3.89.23.28:8080/test,777,0,235
1.68952E+12,741,HTTP Request,200,,text,TRUE,,176,124,http://3.89.23.28:8080/test,741,0,235
1.68952E+12,734,HTTP Request,200,,text,TRUE,,176,124,http://3.89.23.28:8080/test,732,0,227
1.68952E+12,786,HTTP Request,200,,text,TRUE,,176,124,http://3.89.23.28:8080/test,786,0,229
1.68952E+12,804,HTTP Request,200,,text,TRUE,,176,124,http://3.89.23.28:8080/test,804,0,243
1.68952E+12,796,HTTP Request,200,,text,TRUE,,176,124,http://3.89.23.28:8080/test,796,0,235
1.68952E+12,804,HTTP Request,200,,text,TRUE,,176,124,http://3.89.23.28:8080/test,803,0,237
1.68952E+12,808,HTTP Request,200,,text,TRUE,,176,124,http://3.89.23.28:8080/test,808,0,240
1.68952E+12,743,HTTP Request,200,,text,TRUE,,176,124,http://3.89.23.28:8080/test,743,0,224
1.68952E+12,805,HTTP Request,200,,text,TRUE,,176,124,http://3.89.23.28:8080/test,805,0,235
1.68952E+12,823,HTTP Request,200,,text,TRUE,,176,124,http://3.89.23.28:8080/test,823,0,249
1.68952E+12,808,HTTP Request,200,,text,TRUE,,176,124,http://3.89.23.28:8080/test,808,0,237
1.68952E+12,832,HTTP Request,200,,text,TRUE,,176,124,http://3.89.23.28:8080/test,832,0,255
1.68952E+12,804,HTTP Request,200,,text,TRUE,,176,124,http://3.89.23.28:8080/test,804,0,239
1.68952E+12,810,HTTP Request,200,,text,TRUE,,176,124,http://3.89.23.28:8080/test,810,0,233
1.68952E+12,804,HTTP Request,200,,text,TRUE,,176,124,http://3.89.23.28:8080/test,804,0,237
1.68952E+12,797,HTTP Request,200,,text,TRUE,,176,124,http://3.89.23.28:8080/test,797,0,230
1.68952E+12,834,HTTP Request,200,,text,TRUE,,176,124,http://3.89.23.28:8080/test,834,0,246
1.68952E+12,756,HTTP Request,200,,text,TRUE,,176,124,http://3.89.23.28:8080/test,756,0,227
1.68952E+12,757,HTTP Request,200,,text,TRUE,,176,124,http://3.89.23.28:8080/test,757,0,237
1.68952E+12,749,HTTP Request,200,,text,TRUE,,176,124,http://3.89.23.28:8080/test,749,0,226
1.68952E+12,1311,HTTP Request,200,,text,TRUE,,176,124,http://3.89.23.28:8080/test,1311,0,264
1.68952E+12,689,HTTP Request,200,,text,TRUE,,176,124,http://3.89.23.28:8080/test,689,0,240
1.68952E+12,1291,HTTP Request,200,,text,TRUE,,176,124,http://3.89.23.28:8080/test,1291,0,253
1.68952E+12,696,HTTP Request,200,,text,TRUE,,176,124,http://3.89.23.28:8080/test,696,0,239
1.68952E+12,755,HTTP Request,200,,text,TRUE,,176,124,http://3.89.23.28:8080/test,755,0,225
1.68952E+12,689,HTTP Request,200,,text,TRUE,,176,124,http://3.89.23.28:8080/test,689,0,234
1.68952E+12,1378,HTTP Request,200,,text,TRUE,,176,124,http://3.89.23.28:8080/test,1378,0,309
1.68952E+12,674,HTTP Request,200,,text,TRUE,,176,124,http://3.89.23.28:8080/test,674,0,234
1.68952E+12,778,HTTP Request,200,,text,TRUE,,176,124,http://3.89.23.28:8080/test,778,0,241
1.68952E+12,1297,HTTP Request,200,,text,TRUE,,176,124,http://3.89.23.28:8080/test,1297,0,251
1.68952E+12,689,HTTP Request,200,,text,TRUE,,176,124,http://3.89.23.28:8080/test,689,0,229
1.68952E+12,786,HTTP Request,200,,text,TRUE,,176,124,http://3.89.23.28:8080/test,786,0,231
1.68952E+12,1312,HTTP Request,200,,text,TRUE,,176,124,http://3.89.23.28:8080/test,1312,0,256
1.68952E+12,697,HTTP Request,200,,text,TRUE,,176,124,http://3.89.23.28:8080/test,697,0,230
1.68952E+12,687,HTTP Request,200,,text,TRUE,,176,124,http://3.89.23.28:8080/test,687,0,233
1.68952E+12,696,HTTP Request,200,,text,TRUE,,176,124,http://3.89.23.28:8080/test,696,0,231
1.68952E+12,696,HTTP Request,200,,text,TRUE,,176,124,http://3.89.23.28:8080/test,696,0,233
1.68952E+12,804,HTTP Request,200,,text,TRUE,,176,124,http://3.89.23.28:8080/test,804,0,234
1.68952E+12,702,HTTP Request,200,,text,TRUE,,176,124,http://3.89.23.28:8080/test,702,0,227
1.68952E+12,1329,HTTP Request,200,,text,TRUE,,176,124,http://3.89.23.28:8080/test,1329,0,258
1.68952E+12,783,HTTP Request,200,,text,TRUE,,176,124,http://3.89.23.28:8080/test,783,0,229
1.68952E+12,792,HTTP Request,200,,text,TRUE,,176,124,http://3.89.23.28:8080/test,792,0,233
1.68952E+12,714,HTTP Request,200,,text,TRUE,,176,124,http://3.89.23.28:8080/test,714,0,233
1.68952E+12,1391,HTTP Request,200,,text,TRUE,,176,124,http://3.89.23.28:8080/test,1391,0,298
1.68952E+12,1335,HTTP Request,200,,text,TRUE,,176,124,http://3.89.23.28:8080/test,1334,0,259
1.68952E+12,1330,HTTP Request,200,,text,TRUE,,176,124,http://3.89.23.28:8080/test,1330,0,258
1.68952E+12,1336,HTTP Request,200,,text,TRUE,,176,124,http://3.89.23.28:8080/test,1336,0,259
1.68952E+12,1334,HTTP Request,200,,text,TRUE,,176,124,http://3.89.23.28:8080/test,1333,0,254
1.68952E+12,717,HTTP Request,200,,text,TRUE,,176,124,http://3.89.23.28:8080/test,717,0,232
1.68952E+12,808,HTTP Request,200,,text,TRUE,,176,124,http://3.89.23.28:8080/test,808,0,238
1.68952E+12,728,HTTP Request,200,,text,TRUE,,176,124,http://3.89.23.28:8080/test,727,0,233
1.68952E+12,1349,HTTP Request,200,,text,TRUE,,176,124,http://3.89.23.28:8080/test,1349,0,261
1.68952E+12,1320,HTTP Request,200,,text,TRUE,,176,124,http://3.89.23.28:8080/test,1319,0,245
1.68952E+12,1340,HTTP Request,200,,text,TRUE,,176,124,http://3.89.23.28:8080/test,1339,0,252
1.68952E+12,806,HTTP Request,200,,text,TRUE,,176,124,http://3.89.23.28:8080/test,806,0,229
1.68952E+12,817,HTTP Request,200,,text,TRUE,,176,124,http://3.89.23.28:8080/test,817,0,237
1.68952E+12,826,HTTP Request,200,,text,TRUE,,176,124,http://3.89.23.28:8080/test,826,0,243
1.68952E+12,738,HTTP Request,200,,text,TRUE,,176,124,http://3.89.23.28:8080/test,738,0,231
1.68952E+12,734,HTTP Request,200,,text,TRUE,,176,124,http://3.89.23.28:8080/test,734,0,233
1.68952E+12,824,HTTP Request,200,,text,TRUE,,176,124,http://3.89.23.28:8080/test,824,0,235
1.68952E+12,750,HTTP Request,200,,text,TRUE,,176,124,http://3.89.23.28:8080/test,750,0,237
1.68952E+12,745,HTTP Request,200,,text,TRUE,,176,124,http://3.89.23.28:8080/test,745,0,237
1.68952E+12,1431,HTTP Request,200,,text,TRUE,,176,124,http://3.89.23.28:8080/test,1431,0,304
1.68952E+12,737,HTTP Request,200,,text,TRUE,,176,124,http://3.89.23.28:8080/test,737,0,228
1.68952E+12,737,HTTP Request,200,,text,TRUE,,176,124,http://3.89.23.28:8080/test,737,0,228
1.68952E+12,1379,HTTP Request,200,,text,TRUE,,176,124,http://3.89.23.28:8080/test,1379,0,263
1.68952E+12,1368,HTTP Request,200,,text,TRUE,,176,124,http://3.89.23.28:8080/test,1368,0,256
1.68952E+12,764,HTTP Request,200,,text,TRUE,,176,124,http://3.89.23.28:8080/test,762,0,240
1.68952E+12,832,HTTP Request,200,,text,TRUE,,176,124,http://3.89.23.28:8080/test,832,0,231
1.68952E+12,839,HTTP Request,200,,text,TRUE,,176,124,http://3.89.23.28:8080/test,839,0,235
1.68952E+12,829,HTTP Request,200,,text,TRUE,,176,124,http://3.89.23.28:8080/test,829,0,228
1.68952E+12,745,HTTP Request,200,,text,TRUE,,176,124,http://3.89.23.28:8080/test,745,0,233
1.68952E+12,862,HTTP Request,200,,text,TRUE,,176,124,http://3.89.23.28:8080/test,862,0,239
1.68952E+12,841,HTTP Request,200,,text,TRUE,,176,124,http://3.89.23.28:8080/test,841,0,233
1.68952E+12,830,HTTP Request,200,,text,TRUE,,176,124,http://3.89.23.28:8080/test,830,0,224
1.68952E+12,745,HTTP Request,200,,text,TRUE,,176,124,http://3.89.23.28:8080/test,745,0,274
1.68952E+12,834,HTTP Request,200,,text,TRUE,,176,124,http://3.89.23.28:8080/test,833,0,228
1.68952E+12,1404,HTTP Request,200,,text,TRUE,,176,124,http://3.89.23.28:8080/test,1404,0,268
1.68952E+12,1376,HTTP Request,200,,text,TRUE,,176,124,http://3.89.23.28:8080/test,1376,0,249
1.68952E+12,1200,HTTP Request,200,,text,TRUE,,176,124,http://3.89.23.28:8080/test,1200,0,242
1.68952E+12,1391,HTTP Request,200,,text,TRUE,,176,124,http://3.89.23.28:8080/test,1391,0,252
1.68952E+12,766,HTTP Request,200,,text,TRUE,,176,124,http://3.89.23.28:8080/test,766,0,231
1.68952E+12,784,HTTP Request,200,,text,TRUE,,176,124,http://3.89.23.28:8080/test,783,0,230
1.68952E+12,1460,HTTP Request,200,,text,TRUE,,176,124,http://3.89.23.28:8080/test,1459,0,1224
1.68952E+12,794,HTTP Request,200,,text,TRUE,,176,124,http://3.89.23.28:8080/test,794,0,231
1.68952E+12,1420,HTTP Request,200,,text,TRUE,,176,124,http://3.89.23.28:8080/test,1420,0,257
1.68952E+12,903,HTTP Request,200,,text,TRUE,,176,124,http://3.89.23.28:8080/test,903,0,234
1.68952E+12,900,HTTP Request,200,,text,TRUE,,176,124,http://3.89.23.28:8080/test,900,0,232
1.68952E+12,884,HTTP Request,200,,text,TRUE,,176,124,http://3.89.23.28:8080/test,884,0,232
1.68952E+12,904,HTTP Request,200,,text,TRUE,,176,124,http://3.89.23.28:8080/test,902,0,234
1.68952E+12,882,HTTP Request,200,,text,TRUE,,176,124,http://3.89.23.28:8080/test,881,0,229
1.68952E+12,1448,HTTP Request,200,,text,TRUE,,176,124,http://3.89.23.28:8080/test,1448,0,1220
1.68952E+12,809,HTTP Request,200,,text,TRUE,,176,124,http://3.89.23.28:8080/test,791,0,228
1.68952E+12,1004,HTTP Request,200,,text,TRUE,,176,124,http://3.89.23.28:8080/test,1004,0,234
1.68952E+12,1004,HTTP Request,200,,text,TRUE,,176,124,http://3.89.23.28:8080/test,1004,0,233
1.68952E+12,968,HTTP Request,200,,text,TRUE,,176,124,http://3.89.23.28:8080/test,968,0,220
1.68952E+12,971,HTTP Request,200,,text,TRUE,,176,124,http://3.89.23.28:8080/test,971,0,220
1.68952E+12,982,HTTP Request,200,,text,TRUE,,176,124,http://3.89.23.28:8080/test,982,0,224
1.68952E+12,1003,HTTP Request,200,,text,TRUE,,176,124,http://3.89.23.28:8080/test,1003,0,231
1.68952E+12,1013,HTTP Request,200,,text,TRUE,,176,124,http://3.89.23.28:8080/test,1013,0,235
1.68952E+12,1009,HTTP Request,200,,text,TRUE,,176,124,http://3.89.23.28:8080/test,1009,0,232
1.68952E+12,1007,HTTP Request,200,,text,TRUE,,176,124,http://3.89.23.28:8080/test,1007,0,231
1.68952E+12,1034,HTTP Request,200,,text,TRUE,,176,124,http://3.89.23.28:8080/test,1034,0,240
1.68952E+12,1009,HTTP Request,200,,text,TRUE,,176,124,http://3.89.23.28:8080/test,1009,0,229
1.68952E+12,989,HTTP Request,200,,text,TRUE,,176,124,http://3.89.23.28:8080/test,989,0,222
1.68952E+12,1002,HTTP Request,200,,text,TRUE,,176,124,http://3.89.23.28:8080/test,1002,0,227
1.68952E+12,976,HTTP Request,200,,text,TRUE,,176,124,http://3.89.23.28:8080/test,976,0,219
1.68952E+12,1001,HTTP Request,200,,text,TRUE,,176,124,http://3.89.23.28:8080/test,1001,0,226
1.68952E+12,994,HTTP Request,200,,text,TRUE,,176,124,http://3.89.23.28:8080/test,994,0,223
1.68952E+12,1005,HTTP Request,200,,text,TRUE,,176,124,http://3.89.23.28:8080/test,1005,0,229
1.68952E+12,1021,HTTP Request,200,,text,TRUE,,176,124,http://3.89.23.28:8080/test,1021,0,232
1.68952E+12,987,HTTP Request,200,,text,TRUE,,176,124,http://3.89.23.28:8080/test,986,0,222
1.68952E+12,1000,HTTP Request,200,,text,TRUE,,176,124,http://3.89.23.28:8080/test,1000,0,223
1.68952E+12,1010,HTTP Request,200,,text,TRUE,,176,124,http://3.89.23.28:8080/test,1010,0,229
1.68952E+12,985,HTTP Request,200,,text,TRUE,,176,124,http://3.89.23.28:8080/test,985,0,220
1.68952E+12,1014,HTTP Request,200,,text,TRUE,,176,124,http://3.89.23.28:8080/test,1014,0,226
1.68952E+12,1013,HTTP Request,200,,text,TRUE,,176,124,http://3.89.23.28:8080/test,1013,0,225
1.68952E+12,999,HTTP Request,200,,text,TRUE,,176,124,http://3.89.23.28:8080/test,999,0,224
1.68952E+12,1050,HTTP Request,200,,text,TRUE,,176,124,http://3.89.23.28:8080/test,1050,0,242
1.68952E+12,1022,HTTP Request,200,,text,TRUE,,176,124,http://3.89.23.28:8080/test,1022,0,228
1.68952E+12,1083,HTTP Request,200,,text,TRUE,,176,124,http://3.89.23.28:8080/test,1083,0,253
1.68952E+12,1028,HTTP Request,200,,text,TRUE,,176,124,http://3.89.23.28:8080/test,1028,0,230
1.68952E+12,1052,HTTP Request,200,,text,TRUE,,176,124,http://3.89.23.28:8080/test,1052,0,240
1.68952E+12,1024,HTTP Request,200,,text,TRUE,,176,124,http://3.89.23.28:8080/test,1024,0,227
1.68952E+12,1031,HTTP Request,200,,text,TRUE,,176,124,http://3.89.23.28:8080/test,1031,0,229
1.68952E+12,1056,HTTP Request,200,,text,TRUE,,176,124,http://3.89.23.28:8080/test,1056,0,238
1.68952E+12,1063,HTTP Request,200,,text,TRUE,,176,124,http://3.89.23.28:8080/test,1062,0,241
1.68952E+12,1068,HTTP Request,200,,text,TRUE,,176,124,http://3.89.23.28:8080/test,1068,0,242
1.68952E+12,1060,HTTP Request,200,,text,TRUE,,176,124,http://3.89.23.28:8080/test,1060,0,238
1.68952E+12,1059,HTTP Request,200,,text,TRUE,,176,124,http://3.89.23.28:8080/test,1059,0,237
1.68952E+12,1065,HTTP Request,200,,text,TRUE,,176,124,http://3.89.23.28:8080/test,1065,0,239
1.68952E+12,1020,HTTP Request,200,,text,TRUE,,176,124,http://3.89.23.28:8080/test,1020,0,222
1.68952E+12,1041,HTTP Request,200,,text,TRUE,,176,124,http://3.89.23.28:8080/test,1041,0,229
1.68952E+12,1040,HTTP Request,200,,text,TRUE,,176,124,http://3.89.23.28:8080/test,1039,0,224
1.68952E+12,1064,HTTP Request,200,,text,TRUE,,176,124,http://3.89.23.28:8080/test,1064,0,234
1.68952E+12,1076,HTTP Request,200,,text,TRUE,,176,124,http://3.89.23.28:8080/test,1076,0,239
1.68952E+12,1071,HTTP Request,200,,text,TRUE,,176,124,http://3.89.23.28:8080/test,1071,0,235
1.68952E+12,1051,HTTP Request,200,,text,TRUE,,176,124,http://3.89.23.28:8080/test,1051,0,230
1.68952E+12,1051,HTTP Request,200,,text,TRUE,,176,124,http://3.89.23.28:8080/test,1051,0,230
1.68952E+12,1067,HTTP Request,200,,text,TRUE,,176,124,http://3.89.23.28:8080/test,1067,0,241
1.68952E+12,1086,HTTP Request,200,,text,TRUE,,176,124,http://3.89.23.28:8080/test,1086,0,243
1.68952E+12,1081,HTTP Request,200,,text,TRUE,,176,124,http://3.89.23.28:8080/test,1081,0,239
1.68952E+12,1061,HTTP Request,200,,text,TRUE,,176,124,http://3.89.23.28:8080/test,1061,0,231
1.68952E+12,1056,HTTP Request,200,,text,TRUE,,176,124,http://3.89.23.28:8080/test,1056,0,227
1.68952E+12,1061,HTTP Request,200,,text,TRUE,,176,124,http://3.89.23.28:8080/test,1061,0,231
1.68952E+12,1078,HTTP Request,200,,text,TRUE,,176,124,http://3.89.23.28:8080/test,1078,0,241
1.68952E+12,1091,HTTP Request,200,,text,TRUE,,176,124,http://3.89.23.28:8080/test,1091,0,240
1.68952E+12,1085,HTTP Request,200,,text,TRUE,,176,124,http://3.89.23.28:8080/test,1085,0,236
1.68952E+12,1087,HTTP Request,200,,text,TRUE,,176,124,http://3.89.23.28:8080/test,1087,0,238
1.68952E+12,1097,HTTP Request,200,,text,TRUE,,176,124,http://3.89.23.28:8080/test,1097,0,241
1.68952E+12,1088,HTTP Request,200,,text,TRUE,,176,124,http://3.89.23.28:8080/test,1088,0,234
1.68952E+12,1071,HTTP Request,200,,text,TRUE,,176,124,http://3.89.23.28:8080/test,1071,0,230
1.68952E+12,1070,HTTP Request,200,,text,TRUE,,176,124,http://3.89.23.28:8080/test,1068,0,227
1.68952E+12,1109,HTTP Request,200,,text,TRUE,,176,124,http://3.89.23.28:8080/test,1109,0,244
1.68952E+12,1083,HTTP Request,200,,text,TRUE,,176,124,http://3.89.23.28:8080/test,1082,0,229
1.68952E+12,1066,HTTP Request,200,,text,TRUE,,176,124,http://3.89.23.28:8080/test,1065,0,225
1.68952E+12,1115,HTTP Request,200,,text,TRUE,,176,124,http://3.89.23.28:8080/test,1115,0,243
1.68952E+12,1110,HTTP Request,200,,text,TRUE,,176,124,http://3.89.23.28:8080/test,1110,0,242
1.68952E+12,1049,HTTP Request,200,,text,TRUE,,176,124,http://3.89.23.28:8080/test,1049,0,233
1.68952E+12,1078,HTTP Request,200,,text,TRUE,,176,124,http://3.89.23.28:8080/test,1078,0,228
1.68952E+12,1109,HTTP Request,200,,text,TRUE,,176,124,http://3.89.23.28:8080/test,1109,0,241
1.68952E+12,1053,HTTP Request,200,,text,TRUE,,176,124,http://3.89.23.28:8080/test,1053,0,234
1.68952E+12,1125,HTTP Request,200,,text,TRUE,,176,124,http://3.89.23.28:8080/test,1125,0,243
1.68952E+12,1024,HTTP Request,200,,text,TRUE,,176,124,http://3.89.23.28:8080/test,1024,0,225
1.68952E+12,1051,HTTP Request,200,,text,TRUE,,176,124,http://3.89.23.28:8080/test,1051,0,231
1.68952E+12,1087,HTTP Request,200,,text,TRUE,,176,124,http://3.89.23.28:8080/test,1087,0,229
1.68952E+12,1088,HTTP Request,200,,text,TRUE,,176,124,http://3.89.23.28:8080/test,1088,0,226
1.68952E+12,1054,HTTP Request,200,,text,TRUE,,176,124,http://3.89.23.28:8080/test,1054,0,231
1.68952E+12,1025,HTTP Request,200,,text,TRUE,,176,124,http://3.89.23.28:8080/test,1025,0,225
1.68952E+12,1051,HTTP Request,200,,text,TRUE,,176,124,http://3.89.23.28:8080/test,1051,0,235
1.68952E+12,1147,HTTP Request,200,,text,TRUE,,176,124,http://3.89.23.28:8080/test,1147,0,251
1.68952E+12,1062,HTTP Request,200,,text,TRUE,,176,124,http://3.89.23.28:8080/test,1062,0,231
1.68952E+12,1152,HTTP Request,200,,text,TRUE,,176,124,http://3.89.23.28:8080/test,1152,0,251
1.68952E+12,1099,HTTP Request,200,,text,TRUE,,176,124,http://3.89.23.28:8080/test,1099,0,226
1.68952E+12,1060,HTTP Request,200,,text,TRUE,,176,124,http://3.89.23.28:8080/test,1060,0,231
1.68952E+12,1066,HTTP Request,200,,text,TRUE,,176,124,http://3.89.23.28:8080/test,1066,0,230
1.68952E+12,1069,HTTP Request,200,,text,TRUE,,176,124,http://3.89.23.28:8080/test,1069,0,230
1.68952E+12,1057,HTTP Request,200,,text,TRUE,,176,124,http://3.89.23.28:8080/test,1057,0,231
1.68952E+12,1058,HTTP Request,200,,text,TRUE,,176,124,http://3.89.23.28:8080/test,1058,0,232
1.68952E+12,1577,HTTP Request,200,,text,TRUE,,176,124,http://3.89.23.28:8080/test,1577,0,1245
1.68952E+12,1047,HTTP Request,200,,text,TRUE,,176,124,http://3.89.23.28:8080/test,1047,0,226
1.68952E+12,1093,HTTP Request,200,,text,TRUE,,176,124,http://3.89.23.28:8080/test,1093,0,222
1.68952E+12,1069,HTTP Request,200,,text,TRUE,,176,124,http://3.89.23.28:8080/test,1069,0,227
1.68952E+12,1052,HTTP Request,200,,text,TRUE,,176,124,http://3.89.23.28:8080/test,1052,0,228
1.68952E+12,1121,HTTP Request,200,,text,TRUE,,176,124,http://3.89.23.28:8080/test,1121,0,236
1.68952E+12,1072,HTTP Request,200,,text,TRUE,,176,124,http://3.89.23.28:8080/test,1072,0,227
1.68952E+12,1076,HTTP Request,200,,text,TRUE,,176,124,http://3.89.23.28:8080/test,1076,0,229
1.68952E+12,1079,HTTP Request,200,,text,TRUE,,176,124,http://3.89.23.28:8080/test,1079,0,230
1.68952E+12,1076,HTTP Request,200,,text,TRUE,,176,124,http://3.89.23.28:8080/test,1076,0,236
1.68952E+12,1081,HTTP Request,200,,text,TRUE,,176,124,http://3.89.23.28:8080/test,1081,0,230
1.68952E+12,1067,HTTP Request,200,,text,TRUE,,176,124,http://3.89.23.28:8080/test,1067,0,231
1.68952E+12,1065,HTTP Request,200,,text,TRUE,,176,124,http://3.89.23.28:8080/test,1065,0,230
1.68952E+12,1082,HTTP Request,200,,text,TRUE,,176,124,http://3.89.23.28:8080/test,1078,0,226
1.68952E+12,1132,HTTP Request,200,,text,TRUE,,176,124,http://3.89.23.28:8080/test,1132,0,234
1.68952E+12,1154,HTTP Request,200,,text,TRUE,,176,124,http://3.89.23.28:8080/test,1153,0,241
1.68952E+12,1129,HTTP Request,200,,text,TRUE,,176,124,http://3.89.23.28:8080/test,1129,0,230
1.68952E+12,1139,HTTP Request,200,,text,TRUE,,176,124,http://3.89.23.28:8080/test,1138,0,237
1.68952E+12,1091,HTTP Request,200,,text,TRUE,,176,124,http://3.89.23.28:8080/test,1091,0,225
1.68952E+12,1105,HTTP Request,200,,text,TRUE,,176,124,http://3.89.23.28:8080/test,1105,0,237
1.68952E+12,1102,HTTP Request,200,,text,TRUE,,176,124,http://3.89.23.28:8080/test,1102,0,242
1.68952E+12,1063,HTTP Request,200,,text,TRUE,,176,124,http://3.89.23.28:8080/test,1063,0,225
1.68952E+12,1084,HTTP Request,200,,text,TRUE,,176,124,http://3.89.23.28:8080/test,1084,0,233
1.68952E+12,1120,HTTP Request,200,,text,TRUE,,176,124,http://3.89.23.28:8080/test,1120,0,237
1.68952E+12,1119,HTTP Request,200,,text,TRUE,,176,124,http://3.89.23.28:8080/test,1119,0,237
1.68952E+12,1102,HTTP Request,200,,text,TRUE,,176,124,http://3.89.23.28:8080/test,1102,0,236
1.68952E+12,1068,HTTP Request,200,,text,TRUE,,176,124,http://3.89.23.28:8080/test,1068,0,224
1.68952E+12,1124,HTTP Request,200,,text,TRUE,,176,124,http://3.89.23.28:8080/test,1123,0,237
1.68952E+12,1079,HTTP Request,200,,text,TRUE,,176,124,http://3.89.23.28:8080/test,1079,0,225
1.68952E+12,1142,HTTP Request,200,,text,TRUE,,176,124,http://3.89.23.28:8080/test,1142,0,245
1.68952E+12,1078,HTTP Request,200,,text,TRUE,,176,124,http://3.89.23.28:8080/test,1077,0,227
1.68952E+12,1097,HTTP Request,200,,text,TRUE,,176,124,http://3.89.23.28:8080/test,1097,0,229
1.68952E+12,1135,HTTP Request,200,,text,TRUE,,176,124,http://3.89.23.28:8080/test,1135,0,241
1.68952E+12,1079,HTTP Request,200,,text,TRUE,,176,124,http://3.89.23.28:8080/test,1079,0,225
1.68952E+12,1116,HTTP Request,200,,text,TRUE,,176,124,http://3.89.23.28:8080/test,1116,0,234
1.68952E+12,1131,HTTP Request,200,,text,TRUE,,176,124,http://3.89.23.28:8080/test,1131,0,239
1.68952E+12,1092,HTTP Request,200,,text,TRUE,,176,124,http://3.89.23.28:8080/test,1092,0,226
1.68952E+12,1140,HTTP Request,200,,text,TRUE,,176,124,http://3.89.23.28:8080/test,1140,0,241
1.68952E+12,1111,HTTP Request,200,,text,TRUE,,176,124,http://3.89.23.28:8080/test,1111,0,233
1.68952E+12,1123,HTTP Request,200,,text,TRUE,,176,124,http://3.89.23.28:8080/test,1123,0,236
1.68952E+12,1115,HTTP Request,200,,text,TRUE,,176,124,http://3.89.23.28:8080/test,1115,0,233
1.68952E+12,1121,HTTP Request,200,,text,TRUE,,176,124,http://3.89.23.28:8080/test,1120,0,232
1.68952E+12,1144,HTTP Request,200,,text,TRUE,,176,124,http://3.89.23.28:8080/test,1144,0,234
1.68952E+12,1129,HTTP Request,200,,text,TRUE,,176,124,http://3.89.23.28:8080/test,1129,0,236
1.68952E+12,1132,HTTP Request,200,,text,TRUE,,176,124,http://3.89.23.28:8080/test,1132,0,238
1.68952E+12,1075,HTTP Request,200,,text,TRUE,,176,124,http://3.89.23.28:8080/test,1075,0,221
1.68952E+12,1168,HTTP Request,200,,text,TRUE,,176,124,http://3.89.23.28:8080/test,1167,0,244
1.68952E+12,1084,HTTP Request,200,,text,TRUE,,176,124,http://3.89.23.28:8080/test,1084,0,222
1.68952E+12,1153,HTTP Request,200,,text,TRUE,,176,124,http://3.89.23.28:8080/test,1153,0,234
1.68952E+12,1123,HTTP Request,200,,text,TRUE,,176,124,http://3.89.23.28:8080/test,1122,0,231
1.68952E+12,1128,HTTP Request,200,,text,TRUE,,176,124,http://3.89.23.28:8080/test,1128,0,226
1.68952E+12,1156,HTTP Request,200,,text,TRUE,,176,124,http://3.89.23.28:8080/test,1156,0,239
1.68952E+12,1155,HTTP Request,200,,text,TRUE,,176,124,http://3.89.23.28:8080/test,1155,0,237
1.68952E+12,1166,HTTP Request,200,,text,TRUE,,176,124,http://3.89.23.28:8080/test,1166,0,237
1.68952E+12,1171,HTTP Request,200,,text,TRUE,,176,124,http://3.89.23.28:8080/test,1171,0,239
1.68952E+12,1130,HTTP Request,200,,text,TRUE,,176,124,http://3.89.23.28:8080/test,1130,0,228
1.68952E+12,1164,HTTP Request,200,,text,TRUE,,176,124,http://3.89.23.28:8080/test,1164,0,234
1.68952E+12,1158,HTTP Request,200,,text,TRUE,,176,124,http://3.89.23.28:8080/test,1158,0,234
1.68952E+12,1157,HTTP Request,200,,text,TRUE,,176,124,http://3.89.23.28:8080/test,1157,0,241
1.68952E+12,1181,HTTP Request,200,,text,TRUE,,176,124,http://3.89.23.28:8080/test,1181,0,247
1.68952E+12,1166,HTTP Request,200,,text,TRUE,,176,124,http://3.89.23.28:8080/test,1166,0,239
1.68952E+12,1131,HTTP Request,200,,text,TRUE,,176,124,http://3.89.23.28:8080/test,1131,0,223
1.68952E+12,1188,HTTP Request,200,,text,TRUE,,176,124,http://3.89.23.28:8080/test,1188,0,237
1.68952E+12,1196,HTTP Request,200,,text,TRUE,,176,124,http://3.89.23.28:8080/test,1196,0,236
1.68952E+12,1208,HTTP Request,200,,text,TRUE,,176,124,http://3.89.23.28:8080/test,1208,0,246
1.68952E+12,1147,HTTP Request,200,,text,TRUE,,176,124,http://3.89.23.28:8080/test,1147,0,227
1.68952E+12,1137,HTTP Request,200,,text,TRUE,,176,124,http://3.89.23.28:8080/test,1137,0,232
1.68952E+12,1121,HTTP Request,200,,text,TRUE,,176,124,http://3.89.23.28:8080/test,1121,0,227
1.68952E+12,1173,HTTP Request,200,,text,TRUE,,176,124,http://3.89.23.28:8080/test,1173,0,236
1.68952E+12,1120,HTTP Request,200,,text,TRUE,,176,124,http://3.89.23.28:8080/test,1120,0,223
1.68952E+12,1132,HTTP Request,200,,text,TRUE,,176,124,http://3.89.23.28:8080/test,1132,0,229
1.68952E+12,1124,HTTP Request,200,,text,TRUE,,176,124,http://3.89.23.28:8080/test,1124,0,224
1.68952E+12,1125,HTTP Request,200,,text,TRUE,,176,124,http://3.89.23.28:8080/test,1125,0,225
1.68952E+12,1174,HTTP Request,200,,text,TRUE,,176,124,http://3.89.23.28:8080/test,1174,0,237
1.68952E+12,1151,HTTP Request,200,,text,TRUE,,176,124,http://3.89.23.28:8080/test,1151,0,233
1.68952E+12,1140,HTTP Request,200,,text,TRUE,,176,124,http://3.89.23.28:8080/test,1140,0,230
1.68952E+12,1156,HTTP Request,200,,text,TRUE,,176,124,http://3.89.23.28:8080/test,1156,0,235
1.68952E+12,1133,HTTP Request,200,,text,TRUE,,176,124,http://3.89.23.28:8080/test,1133,0,227
1.68952E+12,1129,HTTP Request,200,,text,TRUE,,176,124,http://3.89.23.28:8080/test,1129,0,221
1.68952E+12,1125,HTTP Request,200,,text,TRUE,,176,124,http://3.89.23.28:8080/test,1125,0,224
1.68952E+12,1165,HTTP Request,200,,text,TRUE,,176,124,http://3.89.23.28:8080/test,1165,0,237
1.68952E+12,1156,HTTP Request,200,,text,TRUE,,176,124,http://3.89.23.28:8080/test,1156,0,234
1.68952E+12,1145,HTTP Request,200,,text,TRUE,,176,124,http://3.89.23.28:8080/test,1145,0,228
1.68952E+12,1163,HTTP Request,200,,text,TRUE,,176,124,http://3.89.23.28:8080/test,1163,0,234
1.68952E+12,1155,HTTP Request,200,,text,TRUE,,176,124,http://3.89.23.28:8080/test,1155,0,234
1.68952E+12,1154,HTTP Request,200,,text,TRUE,,176,124,http://3.89.23.28:8080/test,1154,0,231
1.68952E+12,1216,HTTP Request,200,,text,TRUE,,176,124,http://3.89.23.28:8080/test,1216,0,243
1.68952E+12,1153,HTTP Request,200,,text,TRUE,,176,124,http://3.89.23.28:8080/test,1153,0,229
1.68952E+12,1199,HTTP Request,200,,text,TRUE,,176,124,http://3.89.23.28:8080/test,1199,0,242
1.68952E+12,1224,HTTP Request,200,,text,TRUE,,176,124,http://3.89.23.28:8080/test,1224,0,247
1.68952E+12,1198,HTTP Request,200,,text,TRUE,,176,124,http://3.89.23.28:8080/test,1198,0,235
1.68952E+12,1156,HTTP Request,200,,text,TRUE,,176,124,http://3.89.23.28:8080/test,1156,0,226
1.68952E+12,1188,HTTP Request,200,,text,TRUE,,176,124,http://3.89.23.28:8080/test,1188,0,240
1.68952E+12,1150,HTTP Request,200,,text,TRUE,,176,124,http://3.89.23.28:8080/test,1150,0,226
1.68952E+12,1168,HTTP Request,200,,text,TRUE,,176,124,http://3.89.23.28:8080/test,1168,0,228
1.68952E+12,1167,HTTP Request,200,,text,TRUE,,176,124,http://3.89.23.28:8080/test,1167,0,224
1.68952E+12,1210,HTTP Request,200,,text,TRUE,,176,124,http://3.89.23.28:8080/test,1210,0,230
1.68952E+12,1159,HTTP Request,200,,text,TRUE,,176,124,http://3.89.23.28:8080/test,1159,0,221
1.68952E+12,1255,HTTP Request,200,,text,TRUE,,176,124,http://3.89.23.28:8080/test,1255,0,242
1.68952E+12,1165,HTTP Request,200,,text,TRUE,,176,124,http://3.89.23.28:8080/test,1165,0,226
1.68952E+12,1158,HTTP Request,200,,text,TRUE,,176,124,http://3.89.23.28:8080/test,1158,0,224
1.68952E+12,1208,HTTP Request,200,,text,TRUE,,176,124,http://3.89.23.28:8080/test,1208,0,233
1.68952E+12,1196,HTTP Request,200,,text,TRUE,,176,124,http://3.89.23.28:8080/test,1196,0,235
1.68952E+12,1177,HTTP Request,200,,text,TRUE,,176,124,http://3.89.23.28:8080/test,1177,0,225
1.68952E+12,1238,HTTP Request,200,,text,TRUE,,176,124,http://3.89.23.28:8080/test,1238,0,242
1.68952E+12,1177,HTTP Request,200,,text,TRUE,,176,124,http://3.89.23.28:8080/test,1177,0,224
1.68952E+12,1210,HTTP Request,200,,text,TRUE,,176,124,http://3.89.23.28:8080/test,1210,0,240
1.68952E+12,1179,HTTP Request,200,,text,TRUE,,176,124,http://3.89.23.28:8080/test,1179,0,226
1.68952E+12,1186,HTTP Request,200,,text,TRUE,,176,124,http://3.89.23.28:8080/test,1186,0,230
1.68952E+12,1228,HTTP Request,200,,text,TRUE,,176,124,http://3.89.23.28:8080/test,1228,0,234
1.68952E+12,1179,HTTP Request,200,,text,TRUE,,176,124,http://3.89.23.28:8080/test,1179,0,226
1.68952E+12,1172,HTTP Request,200,,text,TRUE,,176,124,http://3.89.23.28:8080/test,1172,0,225
1.68952E+12,1217,HTTP Request,200,,text,TRUE,,176,124,http://3.89.23.28:8080/test,1217,0,229
1.68952E+12,1176,HTTP Request,200,,text,TRUE,,176,124,http://3.89.23.28:8080/test,1176,0,224
1.68952E+12,1240,HTTP Request,200,,text,TRUE,,176,124,http://3.89.23.28:8080/test,1240,0,237
1.68952E+12,1212,HTTP Request,200,,text,TRUE,,176,124,http://3.89.23.28:8080/test,1212,0,236
1.68952E+12,1225,HTTP Request,200,,text,TRUE,,176,124,http://3.89.23.28:8080/test,1224,0,234
1.68952E+12,1217,HTTP Request,200,,text,TRUE,,176,124,http://3.89.23.28:8080/test,1217,0,235
1.68952E+12,1769,HTTP Request,200,,text,TRUE,,176,124,http://3.89.23.28:8080/test,1769,0,225
1.68952E+12,1157,HTTP Request,200,,text,TRUE,,176,124,http://3.89.23.28:8080/test,1157,0,228
1.68952E+12,1155,HTTP Request,200,,text,TRUE,,176,124,http://3.89.23.28:8080/test,1155,0,232
1.68952E+12,1190,HTTP Request,200,,text,TRUE,,176,124,http://3.89.23.28:8080/test,1190,0,238
1.68952E+12,1187,HTTP Request,200,,text,TRUE,,176,124,http://3.89.23.28:8080/test,1187,0,240
1.68952E+12,1236,HTTP Request,200,,text,TRUE,,176,124,http://3.89.23.28:8080/test,1236,0,248
1.68952E+12,1187,HTTP Request,200,,text,TRUE,,176,124,http://3.89.23.28:8080/test,1187,0,239
1.68952E+12,1773,HTTP Request,200,,text,TRUE,,176,124,http://3.89.23.28:8080/test,1773,0,228
1.68952E+12,1193,HTTP Request,200,,text,TRUE,,176,124,http://3.89.23.28:8080/test,1193,0,242
1.68952E+12,1199,HTTP Request,200,,text,TRUE,,176,124,http://3.89.23.28:8080/test,1199,0,238
1.68952E+12,1795,HTTP Request,200,,text,TRUE,,176,124,http://3.89.23.28:8080/test,1795,0,232
1.68952E+12,1196,HTTP Request,200,,text,TRUE,,176,124,http://3.89.23.28:8080/test,1196,0,239
1.68952E+12,1200,HTTP Request,200,,text,TRUE,,176,124,http://3.89.23.28:8080/test,1200,0,237
1.68952E+12,1196,HTTP Request,200,,text,TRUE,,176,124,http://3.89.23.28:8080/test,1196,0,243
1.68952E+12,1167,HTTP Request,200,,text,TRUE,,176,124,http://3.89.23.28:8080/test,1167,0,230
1.68952E+12,1786,HTTP Request,200,,text,TRUE,,176,124,http://3.89.23.28:8080/test,1785,0,230
1.68952E+12,1173,HTTP Request,200,,text,TRUE,,176,124,http://3.89.23.28:8080/test,1173,0,227
1.68952E+12,1200,HTTP Request,200,,text,TRUE,,176,124,http://3.89.23.28:8080/test,1200,0,236
1.68952E+12,1217,HTTP Request,200,,text,TRUE,,176,124,http://3.89.23.28:8080/test,1217,0,237
1.68952E+12,1592,HTTP Request,200,,text,TRUE,,176,124,http://3.89.23.28:8080/test,1565,0,1229
1.68952E+12,1217,HTTP Request,200,,text,TRUE,,176,124,http://3.89.23.28:8080/test,1217,0,241
1.68952E+12,1806,HTTP Request,200,,text,TRUE,,176,124,http://3.89.23.28:8080/test,1806,0,230
1.68952E+12,1231,HTTP Request,200,,text,TRUE,,176,124,http://3.89.23.28:8080/test,1231,0,239
1.68952E+12,1217,HTTP Request,200,,text,TRUE,,176,124,http://3.89.23.28:8080/test,1217,0,237
1.68952E+12,1231,HTTP Request,200,,text,TRUE,,176,124,http://3.89.23.28:8080/test,1231,0,241
1.68952E+12,1248,HTTP Request,200,,text,TRUE,,176,124,http://3.89.23.28:8080/test,1248,0,235
1.68952E+12,1235,HTTP Request,200,,text,TRUE,,176,124,http://3.89.23.28:8080/test,1233,0,241
1.68952E+12,1263,HTTP Request,200,,text,TRUE,,176,124,http://3.89.23.28:8080/test,1263,0,236
1.68952E+12,1234,HTTP Request,200,,text,TRUE,,176,124,http://3.89.23.28:8080/test,1233,0,237
1.68952E+12,1239,HTTP Request,200,,text,TRUE,,176,124,http://3.89.23.28:8080/test,1239,0,237
1.68952E+12,1214,HTTP Request,200,,text,TRUE,,176,124,http://3.89.23.28:8080/test,1214,0,229
1.68952E+12,1250,HTTP Request,200,,text,TRUE,,176,124,http://3.89.23.28:8080/test,1248,0,238
1.68952E+12,1612,HTTP Request,200,,text,TRUE,,176,124,http://3.89.23.28:8080/test,1612,0,1243
1.68952E+12,1215,HTTP Request,200,,text,TRUE,,176,124,http://3.89.23.28:8080/test,1215,0,228
1.68952E+12,1853,HTTP Request,200,,text,TRUE,,176,124,http://3.89.23.28:8080/test,1853,0,239
1.68952E+12,1862,HTTP Request,200,,text,TRUE,,176,124,http://3.89.23.28:8080/test,1862,0,244
1.68952E+12,1862,HTTP Request,200,,text,TRUE,,176,124,http://3.89.23.28:8080/test,1862,0,245
1.68952E+12,1852,HTTP Request,200,,text,TRUE,,176,124,http://3.89.23.28:8080/test,1851,0,238
1.68952E+12,1850,HTTP Request,200,,text,TRUE,,176,124,http://3.89.23.28:8080/test,1850,0,242
1.68952E+12,1836,HTTP Request,200,,text,TRUE,,176,124,http://3.89.23.28:8080/test,1832,0,232
1.68952E+12,1843,HTTP Request,200,,text,TRUE,,176,124,http://3.89.23.28:8080/test,1838,0,235
1.68952E+12,1841,HTTP Request,200,,text,TRUE,,176,124,http://3.89.23.28:8080/test,1840,0,232
1.68952E+12,1276,HTTP Request,200,,text,TRUE,,176,124,http://3.89.23.28:8080/test,1276,0,241
1.68952E+12,1852,HTTP Request,200,,text,TRUE,,176,124,http://3.89.23.28:8080/test,1852,0,234
1.68952E+12,1870,HTTP Request,200,,text,TRUE,,176,124,http://3.89.23.28:8080/test,1870,0,240
1.68952E+12,1880,HTTP Request,200,,text,TRUE,,176,124,http://3.89.23.28:8080/test,1880,0,245
1.68952E+12,1515,HTTP Request,200,,text,TRUE,,176,124,http://3.89.23.28:8080/test,1515,0,1233
1.68952E+12,1854,HTTP Request,200,,text,TRUE,,176,124,http://3.89.23.28:8080/test,1854,0,233
1.68952E+12,1869,HTTP Request,200,,text,TRUE,,176,124,http://3.89.23.28:8080/test,1869,0,239
1.68952E+12,1882,HTTP Request,200,,text,TRUE,,176,124,http://3.89.23.28:8080/test,1882,0,247
1.68952E+12,1882,HTTP Request,200,,text,TRUE,,176,124,http://3.89.23.28:8080/test,1882,0,245
1.68952E+12,1893,HTTP Request,200,,text,TRUE,,176,124,http://3.89.23.28:8080/test,1893,0,251
1.68952E+12,1883,HTTP Request,200,,text,TRUE,,176,124,http://3.89.23.28:8080/test,1883,0,249
1.68952E+12,1890,HTTP Request,200,,text,TRUE,,176,124,http://3.89.23.28:8080/test,1890,0,250
1.68952E+12,1885,HTTP Request,200,,text,TRUE,,176,124,http://3.89.23.28:8080/test,1885,0,247
1.68952E+12,1885,HTTP Request,200,,text,TRUE,,176,124,http://3.89.23.28:8080/test,1885,0,246
1.68952E+12,1875,HTTP Request,200,,text,TRUE,,176,124,http://3.89.23.28:8080/test,1875,0,243
1.68952E+12,1900,HTTP Request,200,,text,TRUE,,176,124,http://3.89.23.28:8080/test,1900,0,251
1.68952E+12,1901,HTTP Request,200,,text,TRUE,,176,124,http://3.89.23.28:8080/test,1901,0,245
1.68952E+12,1913,HTTP Request,200,,text,TRUE,,176,124,http://3.89.23.28:8080/test,1913,0,252
1.68952E+12,1926,HTTP Request,200,,text,TRUE,,176,124,http://3.89.23.28:8080/test,1926,0,257
1.68952E+12,1920,HTTP Request,200,,text,TRUE,,176,124,http://3.89.23.28:8080/test,1919,0,252
1.68952E+12,1912,HTTP Request,200,,text,TRUE,,176,124,http://3.89.23.28:8080/test,1912,0,250
1.68952E+12,1917,HTTP Request,200,,text,TRUE,,176,124,http://3.89.23.28:8080/test,1917,0,249
1.68952E+12,1908,HTTP Request,200,,text,TRUE,,176,124,http://3.89.23.28:8080/test,1908,0,246
1.68952E+12,1907,HTTP Request,200,,text,TRUE,,176,124,http://3.89.23.28:8080/test,1906,0,248
1.68952E+12,1914,HTTP Request,200,,text,TRUE,,176,124,http://3.89.23.28:8080/test,1914,0,251
1.68952E+12,1901,HTTP Request,200,,text,TRUE,,176,124,http://3.89.23.28:8080/test,1901,0,239
1.68952E+12,1908,HTTP Request,200,,text,TRUE,,176,124,http://3.89.23.28:8080/test,1907,0,248
1.68952E+12,1935,HTTP Request,200,,text,TRUE,,176,124,http://3.89.23.28:8080/test,1935,0,258
1.68952E+12,1939,HTTP Request,200,,text,TRUE,,176,124,http://3.89.23.28:8080/test,1939,0,259
1.68952E+12,1468,HTTP Request,200,,text,TRUE,,176,124,http://3.89.23.28:8080/test,1468,0,1227
1.68952E+12,1487,HTTP Request,200,,text,TRUE,,176,124,http://3.89.23.28:8080/test,1486,0,1232
1.68952E+12,1931,HTTP Request,200,,text,TRUE,,176,124,http://3.89.23.28:8080/test,1931,0,256
1.68952E+12,1935,HTTP Request,200,,text,TRUE,,176,124,http://3.89.23.28:8080/test,1935,0,259
1.68952E+12,1931,HTTP Request,200,,text,TRUE,,176,124,http://3.89.23.28:8080/test,1931,0,254
1.68952E+12,1938,HTTP Request,200,,text,TRUE,,176,124,http://3.89.23.28:8080/test,1926,0,254
1.68952E+12,1945,HTTP Request,200,,text,TRUE,,176,124,http://3.89.23.28:8080/test,1945,0,259
1.68952E+12,1940,HTTP Request,200,,text,TRUE,,176,124,http://3.89.23.28:8080/test,1940,0,252
1.68952E+12,1937,HTTP Request,200,,text,TRUE,,176,124,http://3.89.23.28:8080/test,1913,0,251
1.68952E+12,1936,HTTP Request,200,,text,TRUE,,176,124,http://3.89.23.28:8080/test,1935,0,251
1.68952E+12,1945,HTTP Request,200,,text,TRUE,,176,124,http://3.89.23.28:8080/test,1902,0,252
1.68952E+12,1938,HTTP Request,200,,text,TRUE,,176,124,http://3.89.23.28:8080/test,1938,0,249
1.68952E+12,1974,HTTP Request,200,,text,TRUE,,176,124,http://3.89.23.28:8080/test,1974,0,264
1.68952E+12,1955,HTTP Request,200,,text,TRUE,,176,124,http://3.89.23.28:8080/test,1955,0,253
1.68952E+12,1970,HTTP Request,200,,text,TRUE,,176,124,http://3.89.23.28:8080/test,1970,0,260
1.68952E+12,1960,HTTP Request,200,,text,TRUE,,176,124,http://3.89.23.28:8080/test,1959,0,253
1.68952E+12,1913,HTTP Request,200,,text,TRUE,,176,124,http://3.89.23.28:8080/test,1913,0,231
1.68952E+12,1986,HTTP Request,200,,text,TRUE,,176,124,http://3.89.23.28:8080/test,1986,0,272
1.68952E+12,2004,HTTP Request,200,,text,TRUE,,176,124,http://3.89.23.28:8080/test,2004,0,273
1.68952E+12,1972,HTTP Request,200,,text,TRUE,,176,124,http://3.89.23.28:8080/test,1972,0,256
1.68952E+12,2010,HTTP Request,200,,text,TRUE,,176,124,http://3.89.23.28:8080/test,2010,0,277
1.68952E+12,2057,HTTP Request,200,,text,TRUE,,176,124,http://3.89.23.28:8080/test,2057,0,287
1.68952E+12,2095,HTTP Request,200,,text,TRUE,,176,124,http://3.89.23.28:8080/test,2095,0,290
1.68952E+12,1479,HTTP Request,200,,text,TRUE,,176,124,http://3.89.23.28:8080/test,1479,0,1249
1.68952E+12,1761,HTTP Request,200,,text,TRUE,,176,124,http://3.89.23.28:8080/test,1761,0,235
1.68952E+12,1764,HTTP Request,200,,text,TRUE,,176,124,http://3.89.23.28:8080/test,1764,0,230
1.68952E+12,1795,HTTP Request,200,,text,TRUE,,176,124,http://3.89.23.28:8080/test,1795,0,237
1.68952E+12,1742,HTTP Request,200,,text,TRUE,,176,124,http://3.89.23.28:8080/test,1742,0,231
1.68952E+12,1743,HTTP Request,200,,text,TRUE,,176,124,http://3.89.23.28:8080/test,1743,0,231
1.68952E+12,1768,HTTP Request,200,,text,TRUE,,176,124,http://3.89.23.28:8080/test,1768,0,231
1.68952E+12,1761,HTTP Request,200,,text,TRUE,,176,124,http://3.89.23.28:8080/test,1761,0,234
1.68952E+12,1762,HTTP Request,200,,text,TRUE,,176,124,http://3.89.23.28:8080/test,1762,0,233
1.68952E+12,1763,HTTP Request,200,,text,TRUE,,176,124,http://3.89.23.28:8080/test,1763,0,233
1.68952E+12,1767,HTTP Request,200,,text,TRUE,,176,124,http://3.89.23.28:8080/test,1767,0,234
1.68952E+12,1767,HTTP Request,200,,text,TRUE,,176,124,http://3.89.23.28:8080/test,1767,0,235
1.68952E+12,1767,HTTP Request,200,,text,TRUE,,176,124,http://3.89.23.28:8080/test,1767,0,234
1.68952E+12,1771,HTTP Request,200,,text,TRUE,,176,124,http://3.89.23.28:8080/test,1771,0,235
1.68952E+12,1804,HTTP Request,200,,text,TRUE,,176,124,http://3.89.23.28:8080/test,1804,0,236
1.68952E+12,1808,HTTP Request,200,,text,TRUE,,176,124,http://3.89.23.28:8080/test,1808,0,237
1.68952E+12,1815,HTTP Request,200,,text,TRUE,,176,124,http://3.89.23.28:8080/test,1815,0,236
1.68952E+12,1806,HTTP Request,200,,text,TRUE,,176,124,http://3.89.23.28:8080/test,1806,0,236
1.68952E+12,1814,HTTP Request,200,,text,TRUE,,176,124,http://3.89.23.28:8080/test,1814,0,236
1.68952E+12,1782,HTTP Request,200,,text,TRUE,,176,124,http://3.89.23.28:8080/test,1782,0,235
1.68952E+12,1817,HTTP Request,200,,text,TRUE,,176,124,http://3.89.23.28:8080/test,1817,0,238
1.68952E+12,1784,HTTP Request,200,,text,TRUE,,176,124,http://3.89.23.28:8080/test,1784,0,235
1.68952E+12,1816,HTTP Request,200,,text,TRUE,,176,124,http://3.89.23.28:8080/test,1816,0,238
1.68952E+12,1782,HTTP Request,200,,text,TRUE,,176,124,http://3.89.23.28:8080/test,1782,0,233
1.68952E+12,1786,HTTP Request,200,,text,TRUE,,176,124,http://3.89.23.28:8080/test,1786,0,237
1.68952E+12,1788,HTTP Request,200,,text,TRUE,,176,124,http://3.89.23.28:8080/test,1788,0,237
1.68952E+12,1796,HTTP Request,200,,text,TRUE,,176,124,http://3.89.23.28:8080/test,1795,0,239
1.68952E+12,1833,HTTP Request,200,,text,TRUE,,176,124,http://3.89.23.28:8080/test,1819,0,237
1.68952E+12,1800,HTTP Request,200,,text,TRUE,,176,124,http://3.89.23.28:8080/test,1800,0,235
1.68952E+12,1798,HTTP Request,200,,text,TRUE,,176,124,http://3.89.23.28:8080/test,1798,0,234
1.68952E+12,1846,HTTP Request,200,,text,TRUE,,176,124,http://3.89.23.28:8080/test,1846,0,246
1.68952E+12,1830,HTTP Request,200,,text,TRUE,,176,124,http://3.89.23.28:8080/test,1830,0,239
1.68952E+12,1849,HTTP Request,200,,text,TRUE,,176,124,http://3.89.23.28:8080/test,1848,0,246
1.68952E+12,3233,HTTP Request,200,,text,TRUE,,176,124,http://3.89.23.28:8080/test,3233,0,239
1.68952E+12,4540,HTTP Request,200,,text,TRUE,,176,124,http://3.89.23.28:8080/test,4540,0,1244
1.68952E+12,4515,HTTP Request,200,,text,TRUE,,176,124,http://3.89.23.28:8080/test,4515,0,1228
